,ID,geometry
0,0,"LINESTRING (94.032978 19.783462, 94.02986799999999 19.768508, 94.038163 19.765006, 94.049837 19.741106, 94.061435 19.731957, 94.057146 19.721498, 94.04717599999999 19.715042, 94.055441 19.697421, 94.040193 19.675401, 94.04026500000001 19.655457, 94.035248 19.648584, 94.04476699999999 19.611711, 94.044259 19.578255, 94.031375 19.547902, 94.01918600000001 19.536342, 94.038425 19.512899, 94.02985099999999 19.500925, 94.02985200000001 19.485763, 94.039401 19.481461, 94.05247300000001 19.486821, 94.060115 19.476274, 94.08175900000001 19.474136, 94.10103599999999 19.439294, 94.128356 19.416838, 94.13486500000001 19.403784, 94.120116 19.392986, 94.140424 19.36901, 94.13732899999999 19.347353)"
1,1,"LINESTRING (93.54914599999999 19.433367, 93.53855299999999 19.436184, 93.525745 19.427255, 93.515824 19.432875, 93.508518 19.425512, 93.502348 19.413363, 93.502217 19.407343, 93.51069 19.396242, 93.51953500000001 19.369796, 93.53054299999999 19.363022, 93.53167999999999 19.351287, 93.54043299999999 19.339118, 93.52598399999999 19.331663, 93.52174700000001 19.318412, 93.53022799999999 19.30249, 93.525995 19.284366, 93.535749 19.273182, 93.55646299999999 19.239886, 93.563316 19.235736, 93.565986 19.228371, 93.571141 19.22396, 93.572109 19.217188, 93.591831 19.182927, 93.599402 19.160762, 93.615872 19.152209, 93.62749599999999 19.15107, 93.635654 19.146963, 93.682169 19.165089, 93.71495299999999 19.189429, 93.719182 19.198568, 93.728579 19.207386, 93.733779 19.216469, 93.739502 19.214904, 93.760639 19.198503, 93.775811 19.198973, 93.78268 19.194901, 93.798582 19.192932, 93.80609 19.186704, 93.815268 19.184641, 93.82390100000001 19.194613, 93.81988699999999 19.2052, 93.822418 19.206899, 93.835426 19.192595, 93.84974800000001 19.189932, 93.85597199999999 19.1926, 93.861104 19.199315, 93.861516 19.207248, 93.85821799999999 19.212574, 93.86053200000001 19.214471, 93.87373599999999 19.212983, 93.89095 19.219594, 93.897451 19.215987, 93.90177799999999 19.216712, 93.92563 19.239224, 93.926356 19.254369, 93.94132000000001 19.290647, 93.948401 19.287318, 93.956549 19.293399, 93.966773 19.289927, 93.979882 19.295054, 93.986606 19.295437, 93.987596 19.293542, 93.991708 19.295794, 93.99118900000001 19.302125, 94.003323 19.315364, 94.008241 19.31684, 94.007932 19.323191, 94.02000200000001 19.339593, 94.02362100000001 19.340022, 94.03758600000001 19.35265, 94.04078199999999 19.362248, 94.04730600000001 19.366801, 94.050167 19.373838, 94.06391000000001 19.381688, 94.11617699999999 19.360057, 94.12192 19.354571, 94.13732899999999 19.347353)"
2,2,"LINESTRING (124.646644 8.482400999999999, 124.704578 8.469716, 124.755715 8.500787000000001, 124.786524 8.472515, 124.828204 8.394086, 124.851353 8.371722999999999, 124.932787 8.380494000000001, 124.957784 8.368567000000001, 124.963659 8.387089, 124.980552 8.373911, 124.976165 8.336586000000001, 124.989685 8.284647, 124.999478 8.270334, 125.026694 8.268147000000001, 125.031604 8.210036000000001, 125.089264 8.185798999999999, 125.132083 8.147918000000001, 125.134298 7.984868, 125.116829 7.973362, 125.091888 7.902555, 125.058962 7.878002, 125.043595 7.840054, 125.074892 7.810598, 125.083324 7.757723, 125.113122 7.714023, 125.103696 7.641714, 125.112674 7.636383, 125.111356 7.608051, 125.128572 7.611165, 125.144272 7.599757, 125.169259 7.60814, 125.184875 7.592882, 125.195796 7.60048, 125.207046 7.564588, 125.21517 7.5697, 125.228352 7.559287, 125.220724 7.532716, 125.251879 7.507471, 125.24791 7.456038, 125.232423 7.450528, 125.230321 7.422743, 125.291382 7.360987, 125.284279 7.345737, 125.308868 7.278873, 125.351284 7.247529, 125.401747 7.246894, 125.411048 7.219831, 125.435149 7.212808, 125.471355 7.173063, 125.479775 7.11411, 125.538562 7.058955, 125.576591 7.055568, 125.612522 7.073812)"
3,3,"LINESTRING (125.17167 6.112798, 125.20353 6.135035, 125.235555 6.209403, 125.250049 6.220814, 125.243863 6.231723, 125.260285 6.257708, 125.251835 6.316733, 125.27346 6.356834, 125.266698 6.376163, 125.301398 6.415434, 125.31558 6.468398, 125.347069 6.485374, 125.356051 6.524715, 125.37231 6.538229, 125.344641 6.597599, 125.351436 6.715368, 125.389788 6.792428, 125.376444 6.811879, 125.454384 6.882783, 125.493485 7.018139, 125.551253 7.05991, 125.576591 7.055568, 125.612522 7.073812)"
4,4,"LINESTRING (105.783374 10.033384, 105.779702 10.029523, 105.785082 10.011557, 105.832892 10.051447, 105.833919 10.074706, 105.864616 10.083504, 105.914416 10.128512, 105.944159 10.20492, 105.932065 10.236264, 105.928681 10.266661, 105.913156 10.269936, 105.905078 10.288911, 105.893989 10.294508, 105.892509 10.323567, 105.955663 10.356953, 106.040016 10.369144, 106.048792 10.403202, 106.072756 10.416441, 106.125492 10.403977, 106.220164 10.406081, 106.305268 10.391943, 106.304842 10.410586, 106.320745 10.425573, 106.310272 10.438658, 106.338674 10.500477, 106.363222 10.54036, 106.433085 10.617205, 106.480811 10.654897, 106.554618 10.680994, 106.594683 10.689555, 106.602108 10.71752, 106.663442 10.750131, 106.659482 10.75067, 106.660295 10.746979, 106.666562 10.749778)"
5,5,"LINESTRING (106.81662 10.949926, 106.817599 10.949314, 106.816369 10.947445, 106.825814 10.937288, 106.827658 10.937161, 106.836848 10.92429, 106.844922 10.91563, 106.848324 10.906377, 106.843499 10.903267, 106.826857 10.896921, 106.80381 10.867741, 106.773482 10.848548, 106.758633 10.822296, 106.756231 10.809993, 106.752803 10.805287, 106.753512 10.803166, 106.749673 10.787586, 106.72135 10.77283, 106.70294 10.768379, 106.685077 10.751793, 106.677661 10.752169, 106.673864 10.749195, 106.672066 10.752955, 106.669544 10.752742, 106.669098 10.748256, 106.666562 10.749778)"
6,6,"LINESTRING (98.993123 18.787774, 99.02706499999999 18.783296, 99.04891499999999 18.698316, 99.04731700000001 18.554334, 99.099006 18.509039, 99.128306 18.509937, 99.135852 18.497831, 99.12897599999999 18.464446, 99.202178 18.452574, 99.215842 18.39425, 99.254694 18.329439, 99.380955 18.314372, 99.445615 18.28709, 99.467648 18.264409, 99.49063200000001 18.280883, 99.518537 18.283401, 99.537425 18.259093, 99.594514 18.229525, 99.59093 18.163704, 99.599451 18.143286, 99.620407 18.134156, 99.672847 18.056456, 99.696631 18.060169, 99.699085 18.037845, 99.735562 18.005244, 99.90253 17.989401, 99.94220300000001 17.953523, 99.97861 17.956663, 100.016088 17.976644, 100.065634 17.969334, 100.060764 17.938466, 100.069179 17.916678, 100.039508 17.865837, 100.059182 17.831508, 100.105721 17.814704, 100.118269 17.78181, 100.131463 17.774317, 100.134636 17.711799, 100.149233 17.669652, 100.126458 17.632714, 100.124651 17.601498, 100.161759 17.561753, 100.210645 17.531327, 100.236447 17.471604, 100.307406 17.461228, 100.325056 17.420654)"
7,7,"LINESTRING (100.988209 13.360945, 100.993083 13.375511, 100.987252 13.391026, 100.989442 13.41114, 101.002896 13.429088, 100.995808 13.464518, 101.005801 13.495921, 101.002108 13.501497, 100.970396 13.522734, 100.95502 13.558904, 100.950783 13.563295, 100.804297 13.595009, 100.757865 13.61182, 100.686053 13.647168, 100.650902 13.601894, 100.639704 13.600876, 100.62823 13.605455, 100.619619 13.612998, 100.61119 13.596852, 100.607211 13.595189, 100.597223 13.601306, 100.596711 13.599628)"
8,8,"LINESTRING (108.212408 16.051237, 108.210576 16.019923, 108.147216 16.003464, 108.195303 15.822059, 108.295338 15.753646, 108.442436 15.54196, 108.516939 15.54966, 108.720241 15.3763, 108.775054 15.270324, 108.816606 15.098936, 108.921539 14.887726, 108.818638 14.836781, 108.793202 14.847562, 108.732408 14.75975, 108.569431 14.705046, 108.534879 14.781241, 108.463096 14.710908, 108.439623 14.652343, 108.289186 14.597115, 108.236719 14.494694, 108.159008 14.459041, 108.099987 14.373946, 108.038231 14.373622, 107.999767 14.346677, 107.994193 14.231657, 107.963204 14.204645, 107.950129 14.122874, 107.986553 14.084905, 108.014944 13.975197, 108.009666 13.885169)"
9,9,"LINESTRING (125.612522 7.073812, 125.576474 7.055668, 125.551253 7.05991, 125.493485 7.018139, 125.454384 6.882783, 125.376444 6.811879, 125.389788 6.792428, 125.351436 6.715368, 125.344641 6.597599, 125.37231 6.538229, 125.356391 6.525426, 125.347069 6.485374, 125.31558 6.468398, 125.301398 6.415434, 125.266698 6.376163, 125.27346 6.356834, 125.251835 6.316733, 125.260285 6.257708, 125.243863 6.231723, 125.250049 6.220814, 125.235555 6.209403, 125.20353 6.135035, 125.17167 6.112798)"
10,10,"LINESTRING (105.84133 21.024496, 105.841337 21.007585, 105.865275 21.008632, 105.874463 21.001443, 105.902293 21.035216, 105.926109 21.025767, 105.916755 21.011399, 105.946369 20.979749, 105.990831 20.898014, 106.009498 20.873175, 106.046753 20.8456, 106.263886 20.863119, 106.315491 20.855319, 106.342528 20.857745, 106.494514 20.814662, 106.540243 20.797711, 106.587451 20.771107, 106.690127 20.765339, 106.747072 20.784833, 106.753162 20.794871, 106.751861 20.843021, 106.716823 20.864753, 106.683431 20.86444)"
11,11,"LINESTRING (104.577517 14.687444, 104.642206 14.644505, 104.650247 14.629036, 104.639239 14.586106, 104.685581 14.534593, 104.718946 14.457837, 104.74314 14.46176, 104.777183 14.44945, 104.83948 14.47225, 104.90499 14.46848, 104.953138 14.492881, 104.980345 14.479203, 104.991549 14.455057, 104.962101 14.384249, 104.973436 14.380308, 104.948043 14.350225, 104.934419 14.248857, 104.956491 14.180219, 104.996237 14.169652, 105.005803 14.133573, 104.985068 14.082866, 104.979403 14.035908, 104.990338 14.020194, 104.988965 13.99088, 104.97082 13.944794, 104.972537 13.922468, 105.01682 13.860748, 104.968569 13.803401)"
12,12,"LINESTRING (101.083582 4.583326, 101.110534 4.575139, 101.131757 4.525396, 101.17307 4.476538, 101.173329 4.445608, 101.19817 4.427907, 101.230974 4.370969, 101.249491 4.298219, 101.248441 4.249578, 101.299828 4.161753, 101.303021 4.067617, 101.31762 3.995988, 101.337031 3.971238, 101.354256 3.913433, 101.384102 3.890734, 101.401545 3.844088, 101.430392 3.824664, 101.466751 3.727013, 101.53493 3.639794, 101.517746 3.594142, 101.524947 3.577207, 101.518654 3.540303, 101.549289 3.42611, 101.545624 3.403499, 101.560507 3.377975, 101.55273 3.348609, 101.55947 3.323127, 101.544967 3.306755, 101.55622 3.282685, 101.551081 3.265469, 101.582176 3.213443, 101.584288 3.18982, 101.599502 3.180946, 101.661381 3.180172, 101.687346 3.141631)"
13,13,"LINESTRING (96.479595 17.336646, 96.466442 17.318029, 96.471009 17.260559, 96.455812 17.228884, 96.423194 17.216723, 96.39532300000001 17.189753, 96.368494 17.181107, 96.32828000000001 17.15302, 96.271331 17.128405, 96.245611 17.107127, 96.197969 17.087801, 96.132316 17.0416, 96.134378 17.022051, 96.127185 17.014281, 96.131086 16.99204, 96.12401800000001 16.975397, 96.134704 16.914821, 96.119852 16.891856, 96.13520699999999 16.88661, 96.142939 16.864794, 96.130765 16.826538, 96.140316 16.792896, 96.1567 16.795334, 96.15603299999999 16.805398)"
14,14,"LINESTRING (106.841612 -6.211834, 106.83755 -6.207965, 106.834837 -6.211026, 106.83061 -6.210703, 106.833301 -6.229886, 106.827503 -6.23666, 106.84522 -6.243247, 106.863558 -6.243038, 106.878154 -6.246481, 106.872473 -6.254552, 106.872847 -6.272897, 106.88289 -6.299511, 106.896323 -6.374428, 106.895755 -6.391279, 106.89858 -6.406686, 106.897092 -6.423476, 106.89169 -6.447912, 106.854285 -6.527443, 106.833691 -6.595295, 106.819534 -6.596839, 106.806936 -6.604592, 106.805171 -6.601674, 106.79991 -6.602687, 106.801936 -6.606584)"
15,15,"LINESTRING (103.616699 -1.599968, 103.616079 -1.615583, 103.60428 -1.613672, 103.600588 -1.653758, 103.560828 -1.758811, 103.519099 -1.785343, 103.55807 -1.859123, 103.582693 -1.868938, 103.64006 -1.940449, 103.689643 -1.974739, 103.699573 -2.013863, 103.674653 -2.086949, 103.678799 -2.143033, 103.75043 -2.187735, 103.805528 -2.253113, 103.86337 -2.257353, 103.94225 -2.36943, 103.939427 -2.442449, 104.013697 -2.487659, 104.030216 -2.512762, 104.085312 -2.516713, 104.113172 -2.536174, 104.101628 -2.636573, 104.067479 -2.667926, 104.057382 -2.699663, 104.081216 -2.774277, 104.111726 -2.789387, 104.127446 -2.786377, 104.145156 -2.808687, 104.203358 -2.80893, 104.231776 -2.850237, 104.351215 -2.855821, 104.38183 -2.870686, 104.434698 -2.924052, 104.530036 -2.920768, 104.55253 -2.929173, 104.614915 -2.912949, 104.694287 -2.913195, 104.730411 -2.944419, 104.745114 -2.916441)"
16,16,"LINESTRING (105.257723 -5.425406, 105.260707 -5.384547, 105.20071 -5.324548, 105.172028 -5.221546, 105.226214 -4.834723, 105.205679 -4.63679, 105.243442 -4.589027, 105.218988 -4.534784, 105.263802 -4.481945, 105.269035 -4.440347, 105.219184 -4.317101, 105.22203 -4.278535, 105.262819 -4.224808, 105.211834 -4.17537, 105.247867 -4.022878, 105.181321 -3.998085, 105.16499 -4.025512, 105.137481 -4.025608, 105.105705 -3.998882, 105.011218 -3.981057, 104.98397 -3.958737, 104.994802 -3.931345, 104.87944 -3.884279, 104.904014 -3.783927, 104.820095 -3.732634, 104.79395 -3.546695, 104.803616 -3.477469, 104.830922 -3.45801, 104.823759 -3.37804, 104.761976 -3.323102, 104.699987 -3.3094, 104.655128 -3.212909, 104.694195 -3.159689, 104.754049 -3.137368, 104.734271 -3.096537, 104.768805 -2.999891, 104.734433 -2.95314, 104.745114 -2.916441)"
17,17,"LINESTRING (103.757679 1.465626, 103.756928 1.464811, 103.760345 1.465111, 103.755667 1.472323, 103.758122 1.473923, 103.76491 1.472173, 103.769117 1.468408, 103.768673 1.46563, 103.765646 1.463144, 103.770389 1.448918, 103.768393 1.443159, 103.768667 1.434005, 103.771782 1.423018, 103.778767 1.426027, 103.784432 1.426617, 103.78955 1.42548, 103.797899 1.421045, 103.805366 1.41496, 103.814317 1.3971, 103.81699 1.394947, 103.826463 1.392973, 103.8541 1.397788, 103.857594 1.395958, 103.858505 1.377086, 103.860999 1.368899, 103.856909 1.354943, 103.862031 1.338883, 103.86238 1.329127, 103.855639 1.320862, 103.846737 1.315792, 103.840091 1.305235, 103.843303 1.301, 103.84432 1.29506, 103.841728 1.288244, 103.845211 1.286551, 103.848755 1.290952, 103.850169 1.289495)"
18,18,"LINESTRING (103.530175 10.608845, 103.527506 10.633955, 103.544676 10.634761, 103.590215 10.600064, 103.615372 10.606717, 103.644722 10.585715, 103.759071 10.583854, 103.817741 10.708176, 103.859903 10.713168, 103.87795 10.725989, 103.91578 10.662784, 103.914204 10.634383, 103.926243 10.616217, 103.98036 10.581059, 104.09697 10.557206, 104.144779 10.573731, 104.16348 10.588853, 104.205274 10.662449, 104.285507 10.713757, 104.314074 10.71692, 104.389939 10.792074, 104.463552 10.841459, 104.656351 10.949069, 104.684406 11.079634, 104.685542 11.168921, 104.711095 11.322424, 104.802093 11.434666, 104.829917 11.534452, 104.885185 11.534703, 104.916181 11.562002)"
19,19,"LINESTRING (104.784897 10.991371, 104.763808 10.989726, 104.735263 11.003779, 104.672131 11.011725, 104.684438 11.079957, 104.685542 11.168921, 104.710902 11.321821, 104.782064 11.40281, 104.802093 11.434666, 104.81326 11.461715, 104.821605 11.522598, 104.829917 11.534452, 104.838167 11.528316, 104.885185 11.534703, 104.916181 11.562002)"
20,20,"LINESTRING (116.11674 5.978149, 116.124142 5.991662, 116.05813 5.960202, 116.042604 5.853755, 116.050038 5.825061, 116.025342 5.775839, 116.034016 5.757632, 116.005811 5.688912, 115.948654 5.702042, 115.91422 5.700697, 115.904356 5.691148, 115.893814 5.66384, 115.899615 5.622976, 115.859971 5.539376, 115.777002 5.451404, 115.740177 5.397217, 115.712099 5.320174, 115.64986 5.256845, 115.647003 5.226625, 115.627416 5.193173, 115.62765 5.165946, 115.645033 5.147601, 115.640177 5.130514, 115.612355 5.126337, 115.551436 5.08377, 115.537914 5.014235, 115.549832 4.991275, 115.506243 4.96239, 115.516693 4.938792, 115.476354 4.928338, 115.437127 4.865776, 115.431285 4.844518, 115.449081 4.832787, 115.448487 4.819435, 115.413556 4.804699, 115.398874 4.856599, 115.368837 4.842822, 115.347118 4.845853, 115.296144 4.819553, 115.264686 4.772816, 115.231089 4.792724, 115.165043 4.752832, 115.155565 4.735257, 115.121252 4.727118, 115.106569 4.708508, 115.078465 4.710602, 115.018773 4.685316, 115.008204 4.701368, 115.020505 4.765351, 114.99308 4.729864, 114.979769 4.66414, 114.965237 4.653945, 114.930276 4.66071, 114.921316 4.637273, 114.895225 4.626301, 114.891446 4.644344, 114.865638 4.641804, 114.814729 4.664573, 114.795677 4.711111, 114.823394 4.76842, 114.862432 4.811748, 114.875828 4.852713, 114.917609 4.874014, 114.939719 4.903098)"
21,21,"LINESTRING (100.525239 13.721962, 100.525502 13.720578, 100.530031 13.721916, 100.526742 13.728424, 100.517374 13.725771, 100.520854 13.747303, 100.539725 13.798854, 100.548268 13.807832, 100.550255 13.814906, 100.548527 13.822284, 100.542442 13.828765, 100.534005 13.841794, 100.533241 13.857603, 100.521586 13.859164, 100.517923 13.869982, 100.521611 13.860171)"
22,22,"LINESTRING (110.33365 1.550259, 110.337107 1.520417, 110.256871 1.503591, 110.186084 1.476732, 110.158177 1.454544, 110.12715 1.45237, 110.15008 1.42436, 110.146572 1.412182, 110.05664 1.345832, 109.978543 1.317153, 109.930884 1.332014, 109.91052 1.321473, 109.867797 1.321299, 109.844053 1.263446, 109.800571 1.228799, 109.767097 1.165084, 109.738024 1.171551, 109.709801 1.160056, 109.695702 1.144401, 109.690176 1.113716, 109.676594 1.096667, 109.646534 1.086137, 109.624679 1.038473, 109.605758 1.037334, 109.557845 0.988084, 109.508051 0.975911, 109.470892 0.935868, 109.510779 0.872794, 109.482311 0.818443, 109.520174 0.802216, 109.545722 0.749466, 109.540822 0.739479, 109.508068 0.718839, 109.461329 0.728743, 109.408062 0.694621, 109.387598 0.6702280000000001, 109.400673 0.609183, 109.374746 0.555858, 109.376912 0.51649, 109.363059 0.491932, 109.320354 0.446219, 109.275139 0.429842, 109.243248 0.438383, 109.206105 0.400022, 109.179853 0.390831, 109.145726 0.322899, 109.073538 0.27291, 109.132125 0.212909, 109.145772 0.212719, 109.161456 0.166934, 109.156168 0.125934, 109.180474 0.084886, 109.254479 0.027943, 109.322344 0.001234, 109.342496 -0.017732, 109.363004 -0.015586, 109.345474 -0.041347, 109.333192 -0.033188)"
23,23,"LINESTRING (102.135279 19.885706, 102.137869 19.84952, 102.201882 19.841823, 102.200729 19.808745, 102.13961 19.70695, 102.00447 19.57483, 101.980904 19.524253, 102.1354 19.44014, 102.149103 19.411265, 102.134895 19.389657, 102.177538 19.323728, 102.163653 19.281563, 102.223418 19.273983, 102.253251 19.236967, 102.212787 19.151483, 102.221317 19.132352, 102.317138 19.141583, 102.429821 19.077163, 102.450764 18.918862, 102.486399 18.868767, 102.536878 18.850623, 102.515812 18.781592, 102.470047 18.795604, 102.420815 18.778814, 102.355915 18.717843, 102.326662 18.614145, 102.360353 18.559838, 102.425618 18.529232, 102.409372 18.463127, 102.425127 18.347241, 102.487223 18.258284, 102.509903 18.096008, 102.545141 18.049883, 102.545664 18.011975, 102.600224 17.966921)"
24,24,"LINESTRING (102.786397 17.415528, 102.790959 17.421161, 102.802708 17.578027, 102.789847 17.613912, 102.786311 17.646885, 102.790572 17.671175, 102.784395 17.68212, 102.759098 17.812318, 102.744998 17.817701, 102.728642 17.858458, 102.716834 17.870614, 102.713358 17.887723, 102.684694 17.874131, 102.65376 17.87126, 102.644228 17.893988, 102.620726 17.909471, 102.617464 17.958946, 102.600224 17.966921)"
25,25,"LINESTRING (94.13732899999999 19.347353, 94.140424 19.36901, 94.120116 19.392986, 94.13486500000001 19.403784, 94.128356 19.416838, 94.10103599999999 19.439294, 94.08175900000001 19.474136, 94.060115 19.476274, 94.05247300000001 19.486821, 94.039401 19.481461, 94.02985200000001 19.485763, 94.02985099999999 19.500925, 94.038425 19.512899, 94.01918600000001 19.536342, 94.031375 19.547902, 94.044259 19.578255, 94.04476699999999 19.611711, 94.035248 19.648584, 94.04026500000001 19.655457, 94.040193 19.675401, 94.055441 19.697421, 94.04717599999999 19.715042, 94.057146 19.721498, 94.061435 19.731957, 94.049837 19.741106, 94.038163 19.765006, 94.02986799999999 19.768508, 94.032978 19.783462)"
26,26,"LINESTRING (116.828845 -1.267516, 116.833187 -1.270501, 116.839703 -1.261859, 116.834661 -1.246716, 116.840368 -1.227663, 116.850497 -1.216886, 116.884367 -1.20209, 116.886224 -1.18554, 116.880152 -1.178069, 116.882 -1.161457, 116.875131 -1.144136, 116.885122 -1.122948, 116.87867 -1.107255, 116.892986 -1.103057, 116.904688 -1.090714, 116.935018 -1.073772, 116.944214 -1.051458, 116.952789 -1.043897, 116.957762 -1.021224, 116.978726 -0.993777, 116.987585 -0.956739, 117.009218 -0.93904, 117.018432 -0.894624, 117.008279 -0.858054, 117.009281 -0.8015060000000001, 117.019196 -0.800551, 117.033355 -0.7789740000000001, 117.032554 -0.767214, 117.050884 -0.759189, 117.057847 -0.738214, 117.065505 -0.73975, 117.090095 -0.717954, 117.095589 -0.718458, 117.097541 -0.701562, 117.085569 -0.687477, 117.08385 -0.675295, 117.096796 -0.660955, 117.097317 -0.649355, 117.106122 -0.642859, 117.099814 -0.6326850000000001, 117.102768 -0.6244960000000001, 117.097971 -0.624861, 117.088074 -0.610379, 117.093491 -0.596785, 117.110552 -0.5850340000000001, 117.109584 -0.562599, 117.121445 -0.549549, 117.114233 -0.539759, 117.12476 -0.531488, 117.121486 -0.520263, 117.116091 -0.521961, 117.119634 -0.505433, 117.127228 -0.5002410000000001, 117.149885 -0.500336)"
27,27,"LINESTRING (94.749493 20.254905, 94.75757400000001 20.25564, 94.751785 20.308717, 94.69996999999999 20.324497, 94.670515 20.361042, 94.688115 20.390255, 94.67069100000001 20.419975, 94.65722700000001 20.487437, 94.66784800000001 20.542392, 94.658585 20.579372, 94.69104 20.658173, 94.671652 20.66861, 94.647966 20.732745, 94.663196 20.772671, 94.652912 20.811293, 94.671097 20.844747, 94.724152 20.858484, 94.7358 20.884739, 94.790611 20.904502, 94.813822 20.892245, 94.835865 20.908591, 94.83371099999999 20.927821, 94.858215 20.945389, 94.867081 20.973226, 94.85406399999999 21.050942, 94.858617 21.164119, 94.88145900000001 21.175397)"
28,28,"LINESTRING (112.630151 -7.979958, 112.636335 -7.985194, 112.648813 -7.929233, 112.696769 -7.847078, 112.697483 -7.829928, 112.733175 -7.803468, 112.745962 -7.77174, 112.733793 -7.757457, 112.699592 -7.665354, 112.707127 -7.664493, 112.706011 -7.622459, 112.715972 -7.565404, 112.697313 -7.5477, 112.704875 -7.521546, 112.687685 -7.482544, 112.697084 -7.448486, 112.692775 -7.42572, 112.698241 -7.376016, 112.709953 -7.345209, 112.72901 -7.345465, 112.740975 -7.289114)"
29,29,"LINESTRING (96.083972 21.974716, 96.08304200000001 21.885096, 95.99607 21.839666, 95.966848 21.801912, 95.997462 21.688386, 95.833012 21.209149, 95.80467 21.153351, 95.78711300000001 21.056443, 95.791189 20.966649, 95.770016 20.867458, 95.769621 20.81192, 95.767414 20.835383)"
30,30,"LINESTRING (97.62803 16.490504, 97.67730899999999 16.499092, 97.683796 16.520376, 97.72729 16.549275, 97.73423800000001 16.57265, 97.65154200000001 16.746356, 97.626633 16.832993, 97.60592 16.84539, 97.610896 16.88844, 97.586484 16.900364, 97.520734 16.966592, 97.483215 16.959834, 97.441174 16.981395, 97.414406 16.951485, 97.405816 16.913333, 97.370172 16.912884, 97.34946100000001 16.942407, 97.33368900000001 17.019271, 97.306849 17.05134, 97.299887 17.119648, 97.276551 17.184033, 97.245558 17.205324, 97.181034 17.226841, 97.135599 17.279857, 97.11995400000001 17.274236, 97.107647 17.290014, 97.037508 17.314242, 97.004606 17.308871, 96.98496 17.393885, 96.96849899999999 17.408998, 96.924077 17.428632, 96.89205200000001 17.429684, 96.89234500000001 17.447144, 96.862098 17.454456, 96.80515800000001 17.502695, 96.77233 17.516875, 96.71673199999999 17.517261, 96.685591 17.493326, 96.68189099999999 17.477109, 96.62642099999999 17.447551, 96.58426900000001 17.466703, 96.527419 17.474256, 96.53149000000001 17.454577, 96.508229 17.358134, 96.479595 17.336646)"
31,31,"LINESTRING (96.15603299999999 16.805398, 96.15393400000001 16.823309, 96.13974 16.825714, 96.133657 16.834796, 96.14303700000001 16.864766, 96.13537599999999 16.886562, 96.120008 16.891556, 96.134783 16.914542, 96.12410800000001 16.975242, 96.13116599999999 16.992162, 96.127293 17.014298, 96.134479 17.022103, 96.132446 17.041613, 96.19782100000001 17.087591, 96.245662 17.107035, 96.27137500000001 17.128319, 96.32832999999999 17.152928, 96.36855199999999 17.180991, 96.395245 17.189571, 96.423294 17.216646, 96.45590300000001 17.228803, 96.471124 17.260508, 96.466442 17.318029, 96.479595 17.336646)"
32,32,"LINESTRING (95.767414 20.835383, 95.791348 20.966573, 95.78727600000001 21.056749, 95.804765 21.153107, 95.833174 21.209103, 95.997811 21.68852, 95.96704699999999 21.801954, 95.996421 21.839697, 96.082857 21.884518, 96.083972 21.974716)"
33,33,"LINESTRING (95.69835000000001 22.578624, 95.69718500000001 22.559957, 95.679185 22.514146, 95.66808399999999 22.462411, 95.670239 22.392193, 95.69438599999999 22.340573, 95.70041999999999 22.308629, 95.73438400000001 22.267208, 95.73230100000001 22.211245, 95.76514 22.151786, 95.76118099999999 22.134336, 95.77612600000001 22.065149, 95.820425 22.013814, 95.84343699999999 22.002942, 95.86983600000001 21.957039, 95.896036 21.938182, 95.92722000000001 21.935963, 95.944368 21.927861, 95.983394 21.882938, 96.0057 21.872406, 95.99330999999999 21.851571, 95.995504 21.838634, 96.017448 21.850054, 96.03241300000001 21.864569, 96.06596500000001 21.874067, 96.083125 21.884916, 96.086443 21.899243, 96.080583 21.911877, 96.08792699999999 21.955291, 96.083972 21.974716)"
34,34,"LINESTRING (94.88145900000001 21.175397, 94.858367 21.164349, 94.85406399999999 21.050942, 94.867081 20.973226, 94.858215 20.945389, 94.83371099999999 20.927821, 94.835865 20.908591, 94.813822 20.892245, 94.790611 20.904502, 94.7358 20.884739, 94.724152 20.858484, 94.671097 20.844747, 94.652912 20.811293, 94.663196 20.772671, 94.647966 20.732745, 94.671652 20.66861, 94.69104 20.658173, 94.658585 20.579372, 94.66784800000001 20.542392, 94.65722700000001 20.487437, 94.67069100000001 20.419975, 94.688115 20.390255, 94.670515 20.361042, 94.69996999999999 20.324497, 94.751785 20.308717, 94.75757400000001 20.25564, 94.749493 20.254905)"
35,35,"LINESTRING (98.033866 22.405272, 98.038234 22.431518, 97.987264 22.497392, 97.93538 22.536184, 97.92176499999999 22.558389, 97.901766 22.560579, 97.86404400000001 22.601116, 97.855536 22.642492, 97.878839 22.699931, 97.86000900000001 22.754483, 97.819337 22.764285, 97.795756 22.795085, 97.770068 22.788883, 97.715673 22.795926, 97.718143 22.812667, 97.68807099999999 22.851251, 97.706312 22.89733, 97.688585 22.943485, 97.70487900000001 22.95805, 97.706642 22.984786, 97.74889500000001 23.024995, 97.75897000000001 23.059791, 97.832835 23.111869, 97.979899 23.324789, 97.958868 23.327489, 97.943097 23.353722, 97.95432099999999 23.36396, 97.941903 23.382565, 97.943005 23.435992, 97.908798 23.500217, 97.912919 23.54358, 97.90611199999999 23.550887, 97.894626 23.543437, 97.871183 23.568958, 97.825189 23.556822, 97.810413 23.58204, 97.83261899999999 23.699727, 97.90564999999999 23.774064, 97.939516 23.830714, 97.993702 23.870072, 97.996094 23.943704, 97.984002 23.948675, 97.97734800000001 23.989675, 97.956817 24.00309, 97.909936 23.992959)"
36,36,"LINESTRING (97.684547 23.830585, 97.682101 23.835967, 97.69341799999999 23.840111, 97.700903 23.846697, 97.71204299999999 23.852926, 97.718075 23.85751, 97.72184 23.862882, 97.73283000000001 23.87021, 97.734053 23.87333, 97.740736 23.876168, 97.756838 23.889477, 97.766477 23.893092, 97.77063 23.896546, 97.776678 23.898781, 97.784403 23.905364, 97.78826700000001 23.906387, 97.792059 23.90922, 97.79677599999999 23.917016, 97.801833 23.91784, 97.80464600000001 23.92045, 97.81098400000001 23.92237, 97.83204499999999 23.934501, 97.836698 23.935227, 97.840805 23.938678, 97.844212 23.938659, 97.852671 23.944194, 97.856094 23.95271, 97.861197 23.955677, 97.863466 23.963368, 97.866674 23.966917, 97.872069 23.969911, 97.88326499999999 23.972092, 97.89570999999999 23.97719, 97.897267 23.98025, 97.897001 23.989605, 97.901478 23.9977, 97.903817 23.998543, 97.907152 23.992997, 97.909936 23.992959)"
37,37,"LINESTRING (97.38395800000001 25.39464, 97.38741899999999 25.394393, 97.388638 25.401692, 97.393885 25.402165, 97.392321 25.415779, 97.39746100000001 25.426931, 97.404561 25.434806, 97.41663699999999 25.426287, 97.43293 25.42294, 97.425225 25.40459, 97.424234 25.382463, 97.43499300000001 25.351086, 97.477572 25.36041, 97.48492400000001 25.365036, 97.49559600000001 25.364236, 97.509134 25.367301, 97.52963699999999 25.375111, 97.564098 25.377938, 97.589373 25.374162, 97.592777 25.3799, 97.604983 25.379009, 97.614653 25.388679, 97.621163 25.389715, 97.62136200000001 25.398664, 97.627999 25.401366, 97.63375600000001 25.407476, 97.649035 25.412597, 97.651656 25.411396, 97.65857 25.418087, 97.66716700000001 25.419643, 97.677385 25.416706, 97.68503699999999 25.421469, 97.692982 25.422616, 97.705783 25.444858, 97.700868 25.455515, 97.704748 25.45883, 97.706636 25.469353, 97.713476 25.48175, 97.72575999999999 25.491176, 97.738592 25.496211, 97.74802200000001 25.504257, 97.75261399999999 25.512545, 97.773042 25.522576)"
38,38,"LINESTRING (100.521611 13.860171, 100.52173 13.859179, 100.534214 13.858345, 100.534058 13.842006, 100.542431 13.82892, 100.548716 13.822194, 100.550377 13.814919, 100.548588 13.808072, 100.540209 13.798646, 100.532788 13.778158, 100.532414 13.773786, 100.52857 13.768627, 100.520992 13.747238, 100.51768 13.731528, 100.517807 13.723637, 100.519264 13.718834, 100.525502 13.720578, 100.525239 13.721962)"
39,39,"LINESTRING (100.596711 13.599628, 100.596836 13.602797, 100.587053 13.630201, 100.571829 13.633143, 100.556816 13.638486, 100.55068 13.638314, 100.548855 13.641901, 100.54189 13.646665, 100.53794 13.664353, 100.529485 13.663708, 100.520831 13.665233, 100.516427 13.662678, 100.514722 13.667683, 100.50756 13.672259, 100.506337 13.671315, 100.510337 13.673082, 100.525661 13.692842, 100.518715 13.702315, 100.519906 13.714709, 100.518641 13.719504, 100.517669 13.718359, 100.525502 13.720578, 100.525239 13.721962)"
40,40,"LINESTRING (105.798988 15.120021, 105.830786 15.10686, 105.877109 15.110599, 105.888026 15.096937, 105.904777 15.05797, 105.906567 15.006163, 105.937796 14.925239, 105.931032 14.887653, 105.938276 14.860801, 105.977839 14.798958, 105.961894 14.733306, 105.910944 14.682324, 105.882097 14.575815, 105.886259 14.414825, 105.91477 14.354807, 105.920091 14.229296, 105.873148 14.111096, 105.903691 14.04512, 105.94308 14.020728, 105.985099 13.975708, 106.009777 13.967085, 106.030369 13.921278, 106.101096 13.909884, 106.112573 13.89767, 106.091775 13.88076, 106.083219 13.847565, 106.101406 13.818711, 106.095489 13.773557, 106.111515 13.744645, 106.089986 13.720141, 106.087043 13.676169, 106.059543 13.594694, 105.987846 13.551168, 105.993417 13.499824)"
41,41,"LINESTRING (104.968569 13.803401, 104.971531 13.816616, 104.9806 13.819563, 104.99177 13.83891, 105.018066 13.861004, 105.050473 13.851669, 105.091738 13.820969, 105.1239 13.814869, 105.172395 13.820307, 105.206745 13.812356, 105.250623 13.825276, 105.295143 13.795448, 105.35366 13.779318, 105.376122 13.781191, 105.403767 13.765756, 105.447787 13.79051, 105.494186 13.795444, 105.526835 13.810874, 105.565364 13.78918, 105.608824 13.775486, 105.635098 13.773742, 105.643424 13.761664, 105.662185 13.768455, 105.682199 13.765377, 105.706268 13.746649, 105.754655 13.738057, 105.772657 13.72758, 105.813748 13.731443, 105.862374 13.693502, 105.88529 13.687701, 105.903281 13.675606, 105.90066 13.647203, 105.939913 13.569204, 105.928377 13.533904, 105.943504 13.519069, 105.948119 13.500609, 105.993417 13.499824)"
42,42,"LINESTRING (106.991502 13.740012, 106.969588 13.73292, 106.966179 13.725269, 106.959605 13.724077, 106.934525 13.677072, 106.908639 13.647604, 106.897867 13.6436, 106.877853 13.617493, 106.858034 13.604581, 106.84603 13.607679, 106.791979 13.583754, 106.778939 13.58514, 106.767922 13.57556, 106.749423 13.577538, 106.717451 13.56608, 106.706333 13.551458, 106.68659 13.545662, 106.68105 13.528899, 106.657225 13.512474, 106.624202 13.462157, 106.590402 13.430698, 106.542281 13.391684, 106.487753 13.364046, 106.452642 13.38028, 106.413253 13.384544, 106.282446 13.423263, 106.271993 13.415814, 106.248817 13.414274, 106.243604 13.403106, 106.236609 13.400349, 106.215982 13.404156, 106.200796 13.417106, 106.184782 13.419688, 106.174002 13.434395, 106.148149 13.444132, 106.105068 13.45057, 106.075163 13.433527, 106.044369 13.454374, 106.028148 13.476536, 105.993417 13.499824)"
43,43,"LINESTRING (101.450003 0.53335, 101.423575 0.583901, 101.418538 0.663776, 101.452428 0.718509, 101.451194 0.7627620000000001, 101.354511 0.806244, 101.234573 0.89841, 101.277413 1.015339, 101.259324 1.046893, 101.281377 1.16904, 101.135004 1.360078, 101.176647 1.42982, 101.177371 1.549227, 101.086981 1.5806, 101.045205 1.625731, 101.004276 1.628118, 100.987756 1.600071, 100.924077 1.606625, 100.891531 1.68234, 100.762778 1.669282, 100.615309 1.705302, 100.446661 1.67096, 100.347194 1.745717, 100.255749 1.747112, 100.187237 1.800453, 100.180949 1.838301, 100.121394 1.868275, 100.122735 1.889881, 100.084594 1.893432, 100.104011 1.956691, 100.095505 2.028687, 99.98319100000001 2.062043, 99.901267 2.033272, 99.867553 2.051667, 99.850442 2.087034, 99.79290500000001 2.122664, 99.77006400000001 2.182324, 99.77691900000001 2.257572, 99.626857 2.487892, 99.660798 2.557197, 99.60896700000001 2.765953, 99.62218 2.825253, 99.713728 2.921194, 99.66760100000001 2.959978, 99.61361599999999 2.969401, 99.60145300000001 3.096794, 99.576724 3.122198, 99.429614 3.156141, 99.420365 3.235351, 99.36399299999999 3.295883, 99.171132 3.341395, 99.163783 3.45024, 99.053894 3.52641, 98.95216600000001 3.545772, 98.80487599999999 3.524772, 98.728109 3.541302, 98.723202 3.597346, 98.666574 3.583234)"
44,44,"LINESTRING (104.916181 11.562002, 104.885358 11.534842, 104.82928 11.534607, 104.802093 11.434666, 104.711095 11.322424, 104.685542 11.168921, 104.684406 11.079634, 104.656351 10.949069, 104.463552 10.841459, 104.389939 10.792074, 104.314074 10.71692, 104.285507 10.713757, 104.205274 10.662449, 104.16348 10.588853, 104.144779 10.573731, 104.09697 10.557206, 103.98036 10.581059, 103.926243 10.616217, 103.914204 10.634383, 103.91578 10.662784, 103.87795 10.725989, 103.858589 10.712788, 103.817817 10.709033, 103.759071 10.583854, 103.644722 10.585715, 103.615372 10.606717, 103.590215 10.600064, 103.544676 10.634761, 103.527506 10.633955, 103.530175 10.608845)"
45,45,"LINESTRING (108.009666 13.885169, 107.986006 13.878326, 107.95567 13.860577, 107.919978 13.855253, 107.885289 13.81411, 107.865016 13.821793, 107.848948 13.835965, 107.838857 13.832241, 107.822321 13.84128, 107.789319 13.835696, 107.748861 13.818907, 107.72008 13.818449, 107.696019 13.799744, 107.681567 13.8004, 107.66963 13.79417, 107.646369 13.799617, 107.609217 13.775727, 107.585124 13.772789, 107.572495 13.761485, 107.554852 13.756193, 107.51834 13.768854, 107.494243 13.768674, 107.473388 13.758592, 107.448885 13.761995, 107.430326 13.752588, 107.416407 13.734391, 107.395359 13.72129, 107.38287 13.723077, 107.371612 13.678859, 107.35795 13.668074, 107.322545 13.677182, 107.293096 13.670273, 107.24746 13.67386, 107.198431 13.695652, 107.18057 13.68907, 107.158389 13.705517, 107.136596 13.700875, 107.124623 13.70532, 107.096849 13.736367, 107.07186 13.745814, 107.046672 13.748129, 107.040076 13.762945, 107.01743 13.74607, 106.991502 13.740012)"
46,46,"LINESTRING (105.993417 13.499824, 106.028148 13.476536, 106.044369 13.454374, 106.075163 13.433527, 106.105068 13.45057, 106.148149 13.444132, 106.174002 13.434395, 106.184782 13.419688, 106.200796 13.417106, 106.215982 13.404156, 106.236609 13.400349, 106.243604 13.403106, 106.248817 13.414274, 106.271993 13.415814, 106.282446 13.423263, 106.413253 13.384544, 106.452642 13.38028, 106.487753 13.364046, 106.542281 13.391684, 106.590402 13.430698, 106.624202 13.462157, 106.657225 13.512474, 106.68105 13.528899, 106.68659 13.545662, 106.706333 13.551458, 106.717451 13.56608, 106.749423 13.577538, 106.767922 13.57556, 106.778939 13.58514, 106.791979 13.583754, 106.84603 13.607679, 106.858034 13.604581, 106.877853 13.617493, 106.897867 13.6436, 106.908639 13.647604, 106.934525 13.677072, 106.959605 13.724077, 106.966179 13.725269, 106.969588 13.73292, 106.991502 13.740012)"
47,47,"LINESTRING (96.02341300000001 23.110288, 96.04159900000001 23.201748, 96.021744 23.24717, 96.01804900000001 23.272168, 96.02807799999999 23.309691, 96.028378 23.384343, 96.03737200000001 23.422844, 96.03203600000001 23.466261, 96.051101 23.467268, 96.077923 23.483678, 96.088171 23.503694, 96.095969 23.598651, 96.121848 23.603196, 96.13220699999999 23.625181, 96.14502899999999 23.634637, 96.15058000000001 23.672606, 96.167151 23.683218, 96.18530800000001 23.709612, 96.155214 23.723514, 96.138694 23.749579, 96.138571 23.75884, 96.14607599999999 23.755552)"
48,48,"LINESTRING (104.753306 16.565031, 104.74955 16.62464, 104.76261 16.67122, 104.80384 16.71403, 104.86016 16.74183, 104.866629 16.756007, 104.901753 16.75032, 104.911245 16.791374, 104.90327 16.831391, 104.910539 16.945815, 104.943405 16.999951, 104.996165 17.029928, 104.983691 17.080123, 104.986025 17.144755, 105.010822 17.209585, 104.992842 17.235254, 104.986831 17.272846, 104.841216 17.382539, 104.831767 17.410488)"
49,49,"LINESTRING (110.420177 -6.992876, 110.416084 -7.002088, 110.418252 -7.031027, 110.433577 -7.029352, 110.434834 -7.047066, 110.424198 -7.057435, 110.436406 -7.071417, 110.418865 -7.104759, 110.425712 -7.138191, 110.423394 -7.166546, 110.444923 -7.183648, 110.458873 -7.254587, 110.483515 -7.268625, 110.512316 -7.309573, 110.531338 -7.325352, 110.532357 -7.344782, 110.538301 -7.354484, 110.532472 -7.36197, 110.513686 -7.361905, 110.513036 -7.400497, 110.538549 -7.445986, 110.562755 -7.471188, 110.582404 -7.512056, 110.596346 -7.518672, 110.601956 -7.535679, 110.609154 -7.538475, 110.686618 -7.534541, 110.75954 -7.560591, 110.790403 -7.560521, 110.813761 -7.549905, 110.831549 -7.556503)"
50,50,"LINESTRING (107.608482 -6.919392, 107.586823 -6.918779, 107.585555 -6.926769, 107.551145 -6.938745, 107.541597 -6.912448, 107.506633 -6.865498, 107.504247 -6.841957, 107.474495 -6.81135, 107.444122 -6.793165, 107.431511 -6.709326, 107.442088 -6.666856, 107.427298 -6.653727, 107.421442 -6.612242, 107.434328 -6.579162, 107.425556 -6.554359, 107.447194 -6.477057, 107.426388 -6.440961, 107.424327 -6.42354, 107.405556 -6.39531, 107.325028 -6.353267, 107.261442 -6.348627, 107.233729 -6.355131, 107.206971 -6.349554, 107.099383 -6.291896, 106.980904 -6.249107, 106.95839 -6.256412, 106.917278 -6.258526, 106.893298 -6.243953, 106.881585 -6.247693, 106.843222 -6.243548, 106.847528 -6.223376, 106.841612 -6.211834)"
51,51,"LINESTRING (106.801936 -6.606584, 106.808089 -6.607708, 106.806876 -6.604511, 106.816174 -6.598093, 106.829913 -6.595577, 106.833653 -6.592594, 106.854305 -6.526908, 106.89151 -6.447842, 106.896816 -6.424166, 106.898391 -6.406257, 106.895987 -6.373496, 106.882703 -6.29953, 106.87272 -6.273449, 106.872352 -6.254485, 106.876124 -6.247946, 106.863987 -6.243184, 106.843222 -6.243548, 106.847528 -6.223376, 106.843244 -6.214581, 106.84454 -6.211176, 106.841612 -6.211834)"
52,52,"LINESTRING (103.860941 13.362028, 103.707927 13.454954, 103.557032 13.531352, 103.402422 13.592607, 103.350216 13.597684, 103.293605 13.612301, 103.108957 13.633197, 103.003074 13.616201, 102.975425 13.592188, 102.973662 13.583626, 102.982886 13.573169, 102.986904 13.551856, 103.017693 13.545211, 103.02281 13.537356, 103.012367 13.477691, 103.018104 13.402775, 103.034921 13.366163, 103.08915 13.280756, 103.091183 13.254861, 103.108605 13.218193, 103.114186 13.154032, 103.118424 13.143106, 103.136374 13.128509, 103.137375 13.111135, 103.193118 13.107576, 103.198253 13.10296)"
53,53,"LINESTRING (102.581352 13.640635, 102.607017 13.633124, 102.72926 13.619171, 102.87224 13.583785, 102.921654 13.578915, 102.945099 13.586624, 102.973076 13.585094, 102.982886 13.573169, 102.986904 13.551856, 103.017693 13.545211, 103.022718 13.537695, 103.012367 13.477691, 103.018104 13.402775, 103.034921 13.366163, 103.08915 13.280756, 103.091183 13.254861, 103.108605 13.218193, 103.117879 13.143901, 103.136374 13.128509, 103.13801 13.110516, 103.193118 13.107576, 103.198253 13.10296)"
54,54,"LINESTRING (112.740975 -7.289114, 112.729153 -7.347836, 112.711382 -7.346386, 112.69819 -7.376495, 112.692865 -7.425797, 112.697251 -7.447636, 112.687754 -7.481494, 112.705163 -7.520943, 112.697545 -7.547818, 112.717396 -7.564692, 112.706142 -7.622557, 112.708645 -7.664806, 112.699944 -7.665982, 112.73385 -7.757417, 112.746046 -7.771801, 112.733237 -7.803497, 112.697596 -7.829963, 112.696855 -7.847086, 112.656785 -7.911974, 112.646241 -7.952194, 112.638651 -7.96732, 112.633392 -7.96726, 112.630151 -7.979958)"
55,55,"LINESTRING (108.216624 -7.327785, 108.215948 -7.315669, 108.200236 -7.297066, 108.204221 -7.278027, 108.19908 -7.273092, 108.195201 -7.245116, 108.201959 -7.221316, 108.189971 -7.213467, 108.184495 -7.190772, 108.174208 -7.178489, 108.161675 -7.168264, 108.153966 -7.165993, 108.151134 -7.159061, 108.147314 -7.158272, 108.145485 -7.124097, 108.131191 -7.117137, 108.123048 -7.115631, 108.115825 -7.117863, 108.115841 -7.114766, 108.109557 -7.113892, 108.099635 -7.095525, 108.098666 -7.085042, 108.086856 -7.06072, 108.068106 -7.058126, 108.064782 -7.055273, 108.062748 -7.058549, 108.057788 -7.058854, 108.05297 -7.054951, 108.051297 -7.056856, 108.050407 -7.052892, 108.044454 -7.051652, 108.042558 -7.054349, 108.037086 -7.051907, 108.03481 -7.056771, 108.029761 -7.057507, 108.027654 -7.053455, 108.005479 -7.05601, 108.000183 -7.054083, 107.997447 -7.045372, 107.987066 -7.044725, 107.990227 -7.038056, 107.986553 -7.036532, 107.986866 -7.034083, 107.980483 -7.034587, 107.972831 -7.040358, 107.951565 -7.044002, 107.945908 -7.04268, 107.939547 -7.036462, 107.908445 -7.037772, 107.89276 -7.021529, 107.855406 -7.0001, 107.833723 -6.96897, 107.799648 -6.964277, 107.766026 -6.953237, 107.755116 -6.942, 107.696974 -6.969618, 107.649252 -6.964711, 107.638353 -6.965866, 107.616377 -6.960967, 107.604125 -6.963319, 107.607053 -6.957688, 107.611934 -6.955849, 107.609363 -6.948277, 107.612472 -6.948437, 107.612783 -6.937747, 107.622502 -6.936946, 107.615759 -6.931483, 107.617604 -6.922514, 107.60803 -6.921283, 107.608482 -6.919392)"
56,56,"LINESTRING (104.831767 17.410488, 104.841216 17.382539, 104.986831 17.272846, 104.992842 17.235254, 105.010822 17.209585, 104.986025 17.144755, 104.983691 17.080123, 104.996165 17.029928, 104.943405 16.999951, 104.910539 16.945815, 104.90327 16.831391, 104.911245 16.791374, 104.901753 16.75032, 104.866629 16.756007, 104.86016 16.74183, 104.80384 16.71403, 104.76261 16.67122, 104.74955 16.62464, 104.753306 16.565031)"
57,57,"LINESTRING (96.14607599999999 23.755552, 96.138571 23.75884, 96.138694 23.749579, 96.155214 23.723514, 96.18530800000001 23.709612, 96.167151 23.683218, 96.15058000000001 23.672606, 96.14502899999999 23.634637, 96.13220699999999 23.625181, 96.121848 23.603196, 96.095969 23.598651, 96.088171 23.503694, 96.077923 23.483678, 96.051101 23.467268, 96.03203600000001 23.466261, 96.03737200000001 23.422844, 96.028378 23.384343, 96.02807799999999 23.309691, 96.01804900000001 23.272168, 96.021744 23.24717, 96.04159900000001 23.201748, 96.02341300000001 23.110288)"
58,58,"LINESTRING (100.325056 17.420654, 100.307406 17.461228, 100.236216 17.471179, 100.231316 17.500198, 100.210516 17.531188, 100.162707 17.560775, 100.124862 17.600762, 100.126326 17.632747, 100.148066 17.668365, 100.131353 17.774281, 100.118169 17.781753, 100.105629 17.814634, 100.059096 17.831434, 100.039411 17.865813, 100.069034 17.916494, 100.065426 17.968938, 100.016264 17.976666, 99.97861 17.956663, 99.94220300000001 17.953523, 99.90253 17.989401, 99.735562 18.005244, 99.699085 18.037845, 99.696631 18.060169, 99.672847 18.056456, 99.620267 18.134006, 99.59930300000001 18.143148, 99.590715 18.16371, 99.59434 18.229419, 99.537277 18.258905, 99.518509 18.283136, 99.49005699999999 18.280527, 99.467724 18.26392, 99.445533 18.286972, 99.38153699999999 18.314021, 99.25435 18.329534, 99.21574800000001 18.394111, 99.202091 18.452457, 99.129031 18.464193, 99.135728 18.497868, 99.128221 18.509805, 99.098849 18.50895, 99.047212 18.554203, 99.04860600000001 18.699039, 99.026496 18.783277, 98.993123 18.787774)"
59,59,"LINESTRING (101.061591 20.654169, 101.061806 20.685533, 101.175183 20.735566, 101.2345 20.780739, 101.256982 20.813626, 101.284036 20.826912, 101.319197 20.875495, 101.389909 20.904724, 101.422811 20.944367, 101.513116 20.993017, 101.581665 21.053158, 101.621073 21.050274, 101.647561 21.061728, 101.662135 20.999118, 101.688146 20.956086, 101.749627 20.930885, 101.770184 20.885244, 101.791624 20.878866, 101.797309 20.865234, 101.799486 20.87192, 101.804752 20.852306, 101.8461 20.851896, 101.852073 20.811221, 101.869389 20.794524, 101.905961 20.7971, 101.947648 20.762904, 101.951257 20.727183, 101.98759 20.685603, 101.975566 20.642441, 102.004192 20.617354, 102.000618 20.609845, 102.043066 20.613537, 102.088548 20.587984, 102.091517 20.575778, 102.164341 20.572142, 102.175936 20.563319, 102.202199 20.577311, 102.216473 20.557909, 102.279498 20.580721, 102.292629 20.568523, 102.334016 20.579247, 102.334968 20.568656, 102.353733 20.570802, 102.369102 20.583771, 102.377304 20.574091, 102.411013 20.576291, 102.37173 20.534946, 102.356414 20.493294, 102.340459 20.47919, 102.314901 20.379551, 102.336174 20.366949, 102.374405 20.373463, 102.420044 20.34679, 102.424202 20.293301, 102.336817 20.235559, 102.315324 20.17592, 102.313721 20.13937, 102.263132 20.088628, 102.267103 20.038486, 102.247358 20.00668, 102.24957 19.973008, 102.235146 19.943994, 102.176465 19.917771, 102.14778 19.881795, 102.135279 19.885706)"
60,60,"LINESTRING (102.600224 17.966921, 102.617758 17.956495, 102.620511 17.909246, 102.644228 17.893988, 102.65376 17.87126, 102.684694 17.874131, 102.713421 17.887944, 102.716834 17.870614, 102.728688 17.858639, 102.745191 17.817659, 102.759307 17.812499, 102.784595 17.682183, 102.790845 17.671175, 102.786619 17.646936, 102.790147 17.613723, 102.802966 17.578089, 102.791427 17.416311, 102.786397 17.415528)"
61,61,"LINESTRING (122.074986 6.910313, 122.092984 6.942679, 122.121525 6.948273, 122.150925 6.985163, 122.178821 6.99665, 122.194281 7.056548, 122.236295 7.099074, 122.233244 7.15853, 122.219021 7.182648, 122.2641 7.244712, 122.262287 7.315897, 122.284123 7.342409, 122.286823 7.369307, 122.325841 7.417939, 122.319867 7.440323, 122.339487 7.492129, 122.364227 7.512702, 122.381536 7.546538, 122.415835 7.562314, 122.428932 7.607096, 122.530888 7.717945, 122.535708 7.739187, 122.592884 7.787675, 122.645065 7.815619, 122.73731 7.810268, 122.792279 7.787171, 122.820176 7.768635, 122.836113 7.733204, 122.859447 7.726007, 122.867537 7.704178, 122.884857 7.705384, 122.934527 7.641841, 122.960012 7.667925, 122.980293 7.667187, 122.984989 7.697896, 123.011378 7.729526, 123.033645 7.723982, 123.098072 7.739049, 123.11594 7.753198, 123.109784 7.771147, 123.118131 7.781846, 123.145778 7.758205, 123.188406 7.794486, 123.201105 7.793777, 123.214143 7.818461, 123.258004 7.849771, 123.357513 7.815113, 123.437954 7.842097, 123.469804 7.841012, 123.507002 7.860213, 123.489257 7.902909, 123.498177 7.951316, 123.490314 7.991017, 123.709454 7.913942, 123.74069 7.886427, 123.764203 7.889985, 123.787707 8.036865000000001, 123.808238 8.051588000000001, 123.816157 8.079332000000001, 123.832889 8.082100000000001, 123.843146 8.099437, 123.898216 8.112342999999999, 123.964832 8.163952, 124.020151 8.190085, 124.154596 8.184108, 124.24186 8.21888, 124.267215 8.27868, 124.246294 8.328015000000001, 124.260957 8.342337000000001, 124.26354 8.377644999999999, 124.293531 8.401389, 124.286026 8.459637000000001, 124.314945 8.538479000000001, 124.388263 8.591167, 124.413573 8.596783, 124.42545 8.578958999999999, 124.452973 8.570137000000001, 124.513274 8.570724, 124.549399 8.534072999999999, 124.568941 8.535607000000001, 124.593815 8.503947999999999, 124.625287 8.504213, 124.646644 8.482400999999999)"
62,62,"LINESTRING (103.198253 13.10296, 103.193449 13.107741, 103.137461 13.110993, 103.136374 13.128509, 103.118424 13.143106, 103.114186 13.154032, 103.108605 13.218193, 103.091183 13.254861, 103.08915 13.280756, 103.034921 13.366163, 103.018104 13.402775, 103.012367 13.477691, 103.02281 13.537356, 103.017693 13.545211, 102.986904 13.551856, 102.982829 13.573296, 102.968377 13.588066, 103.003074 13.616201, 103.108929 13.633198, 103.293605 13.612301, 103.350216 13.597684, 103.402422 13.592607, 103.557032 13.531352, 103.707927 13.454954, 103.860941 13.362028)"
