,D_UID,O_UID,DIST,O_POP,D_POP
0,D_1,O_1,0.0,1,9112.0
1,D_2,O_1,49475.3,1,8692.0
2,D_6,O_1,111293.0,1,2645.0
3,D_7,O_1,149155.8,1,3844.0
4,D_10,O_1,153371.3,1,5483.0
5,D_11,O_1,92170.8,1,5681.0
6,D_12,O_1,93532.4,1,8054.0
7,D_13,O_1,175132.1,1,1452.0
8,D_1,O_2,49580.9,1,9112.0
9,D_2,O_2,0.0,1,8692.0
10,D_6,O_2,64371.7,1,2645.0
11,D_7,O_2,102234.5,1,3844.0
12,D_10,O_2,106450.0,1,5483.0
13,D_11,O_2,45249.5,1,5681.0
14,D_12,O_2,46611.1,1,8054.0
15,D_13,O_2,129203.4,1,1452.0
16,D_3,O_3,185038.1,1,1015.0
17,D_5,O_3,38195.1,1,2109.0
18,D_4,O_4,44451.3,1,5324.0
19,D_8,O_4,37912.8,1,8821.0
20,D_4,O_5,0.0,1,5324.0
21,D_8,O_5,11042.6,1,8821.0
22,D_1,O_6,104725.0,1,9112.0
23,D_2,O_6,57704.9,1,8692.0
24,D_6,O_6,7308.7,1,2645.0
25,D_7,O_6,45171.5,1,3844.0
26,D_10,O_6,49387.0,1,5483.0
27,D_11,O_6,49882.1,1,5681.0
28,D_12,O_6,13551.7,1,8054.0
29,D_13,O_6,103171.7,1,1452.0
30,D_1,O_7,112037.2,1,9112.0
31,D_2,O_7,65017.1,1,8692.0
32,D_6,O_7,0.0,1,2645.0
33,D_7,O_7,38059.5,1,3844.0
34,D_10,O_7,42275.0,1,5483.0
35,D_11,O_7,57194.3,1,5681.0
36,D_12,O_7,20863.9,1,8054.0
37,D_13,O_7,96059.7,1,1452.0
38,D_1,O_8,150026.7,1,9112.0
39,D_2,O_8,103006.6,1,8692.0
40,D_6,O_8,38193.2,1,2645.0
41,D_7,O_8,0.0,1,3844.0
42,D_10,O_8,14549.4,1,5483.0
43,D_11,O_8,95183.8,1,5681.0
44,D_12,O_8,58853.4,1,8054.0
45,D_13,O_8,59710.9,1,1452.0
46,D_4,O_9,11711.8,1,5324.0
47,D_8,O_9,0.0,1,8821.0
48,D_9,O_10,0.0,1,5688.0
49,D_1,O_11,154125.9,1,9112.0
50,D_2,O_11,107105.8,1,8692.0
51,D_6,O_11,42292.4,1,2645.0
52,D_7,O_11,14610.8,1,3844.0
53,D_10,O_11,0.0,1,5483.0
54,D_11,O_11,99283.0,1,5681.0
55,D_12,O_11,62952.6,1,8054.0
56,D_13,O_11,70684.4,1,1452.0
57,D_1,O_12,92463.8,1,9112.0
58,D_2,O_12,45443.7,1,8692.0
59,D_6,O_12,56714.0,1,2645.0
60,D_7,O_12,94576.8,1,3844.0
61,D_10,O_12,98792.3,1,5483.0
62,D_11,O_12,0.0,1,5681.0
63,D_12,O_12,38953.4,1,8054.0
64,D_13,O_12,121545.7,1,1452.0
65,D_16,O_1,126676.5,1,3780.0
66,D_17,O_1,132292.8,1,8806.0
67,D_18,O_1,122099.4,1,3667.0
68,D_19,O_1,157783.5,1,2140.0
69,D_21,O_1,142027.3,1,9312.0
70,D_22,O_1,87929.3,1,993.0
71,D_23,O_1,90951.2,1,6363.0
72,D_24,O_1,164738.0,1,9398.0
73,D_25,O_1,146065.3,1,4480.0
74,D_26,O_1,8556.2,1,5010.0
75,D_16,O_2,106522.0,1,3780.0
76,D_17,O_2,112138.3,1,8806.0
77,D_18,O_2,75178.1,1,3667.0
78,D_19,O_2,110862.2,1,2140.0
79,D_21,O_2,95106.0,1,9312.0
80,D_22,O_2,67354.0,1,993.0
81,D_23,O_2,44029.9,1,6363.0
82,D_24,O_2,117816.7,1,9398.0
83,D_25,O_2,99144.0,1,4480.0
84,D_26,O_2,57661.8,1,5010.0
85,D_20,O_4,36030.6,1,485.0
86,D_20,O_5,10016.4,1,485.0
87,D_16,O_6,113991.2,1,3780.0
88,D_17,O_6,118059.3,1,8806.0
89,D_18,O_6,33602.5,1,3667.0
90,D_19,O_6,82121.3,1,2140.0
91,D_21,O_6,41973.9,1,9312.0
92,D_22,O_6,122498.1,1,993.0
93,D_23,O_6,15826.3,1,6363.0
94,D_24,O_6,89075.8,1,9398.0
95,D_25,O_6,83905.2,1,4480.0
96,D_26,O_6,112805.9,1,5010.0
97,D_16,O_7,121303.4,1,3780.0
98,D_17,O_7,125371.5,1,8806.0
99,D_18,O_7,35301.4,1,3667.0
100,D_19,O_7,89433.5,1,2140.0
101,D_21,O_7,34861.9,1,9312.0
102,D_22,O_7,129810.3,1,993.0
103,D_23,O_7,23138.5,1,6363.0
104,D_24,O_7,96388.0,1,9398.0
105,D_25,O_7,91217.4,1,4480.0
106,D_26,O_7,120118.1,1,5010.0
107,D_16,O_8,108246.2,1,3780.0
108,D_17,O_8,112314.3,1,8806.0
109,D_18,O_8,66552.4,1,3667.0
110,D_19,O_8,127423.0,1,2140.0
111,D_21,O_8,36433.3,1,9312.0
112,D_22,O_8,167799.8,1,993.0
113,D_23,O_8,61128.0,1,6363.0
114,D_24,O_8,134377.5,1,9398.0
115,D_25,O_8,129206.9,1,4480.0
116,D_26,O_8,158107.6,1,5010.0
117,D_20,O_9,4190.9,1,485.0
118,D_14,O_10,19579.6,1,2036.0
119,D_15,O_10,26847.2,1,3990.0
120,D_16,O_11,119219.7,1,3780.0
121,D_17,O_11,123287.8,1,8806.0
122,D_18,O_11,70651.6,1,3667.0
123,D_19,O_11,131522.2,1,2140.0
124,D_21,O_11,27634.9,1,9312.0
125,D_22,O_11,171899.0,1,993.0
126,D_23,O_11,65227.2,1,6363.0
127,D_24,O_11,138476.7,1,9398.0
128,D_25,O_11,133306.1,1,4480.0
129,D_26,O_11,162206.8,1,5010.0
130,D_16,O_12,97524.3,1,3780.0
131,D_17,O_12,103140.6,1,8806.0
132,D_18,O_12,67520.4,1,3667.0
133,D_19,O_12,103204.5,1,2140.0
134,D_21,O_12,87448.3,1,9312.0
135,D_22,O_12,110236.9,1,993.0
136,D_23,O_12,36372.2,1,6363.0
137,D_24,O_12,110159.0,1,9398.0
138,D_25,O_12,71137.9,1,4480.0
139,D_26,O_12,100544.7,1,5010.0
140,D_27,O_1,18566.0,1,1964.0
141,D_29,O_1,42147.5,1,8601.0
142,D_30,O_1,61833.7,1,6552.0
143,D_32,O_1,37377.8,1,7503.0
144,D_33,O_1,33529.4,1,8411.0
145,D_34,O_1,66152.3,1,8317.0
146,D_35,O_1,71162.0,1,4844.0
147,D_36,O_1,81018.0,1,989.0
148,D_37,O_1,74715.4,1,7791.0
149,D_38,O_1,40308.3,1,4578.0
150,D_39,O_1,90106.4,1,306.0
151,D_27,O_2,33730.8,1,1964.0
152,D_29,O_2,21572.2,1,8601.0
153,D_30,O_2,14912.4,1,6552.0
154,D_32,O_2,16238.5,1,7503.0
155,D_33,O_2,33186.4,1,8411.0
156,D_34,O_2,45997.8,1,8317.0
157,D_35,O_2,51007.5,1,4844.0
158,D_36,O_2,60442.7,1,989.0
159,D_37,O_2,54560.9,1,7791.0
160,D_38,O_2,13408.7,1,4578.0
161,D_39,O_2,43185.1,1,306.0
162,D_28,O_4,81044.9,1,9367.0
163,D_31,O_4,119154.2,1,9381.0
164,D_28,O_5,45429.3,1,9367.0
165,D_31,O_5,160550.2,1,9381.0
166,D_27,O_6,88874.9,1,1964.0
167,D_29,O_6,76716.3,1,8601.0
168,D_30,O_6,46307.9,1,6552.0
169,D_32,O_6,71382.6,1,7503.0
170,D_33,O_6,88330.5,1,8411.0
171,D_34,O_6,101141.9,1,8317.0
172,D_35,O_6,106151.6,1,4844.0
173,D_36,O_6,115586.8,1,989.0
174,D_37,O_6,109705.0,1,7791.0
175,D_38,O_6,68552.8,1,4578.0
176,D_39,O_6,16321.9,1,306.0
177,D_27,O_7,96187.1,1,1964.0
178,D_29,O_7,84028.5,1,8601.0
179,D_30,O_7,53620.1,1,6552.0
180,D_32,O_7,78694.8,1,7503.0
181,D_33,O_7,95642.7,1,8411.0
182,D_34,O_7,108454.1,1,8317.0
183,D_35,O_7,113463.8,1,4844.0
184,D_36,O_7,122899.0,1,989.0
185,D_37,O_7,117017.2,1,7791.0
186,D_38,O_7,75865.0,1,4578.0
187,D_39,O_7,23634.1,1,306.0
188,D_27,O_8,134176.6,1,1964.0
189,D_29,O_8,122018.0,1,8601.0
190,D_30,O_8,91609.6,1,6552.0
191,D_32,O_8,116684.3,1,7503.0
192,D_33,O_8,133632.2,1,8411.0
193,D_34,O_8,146443.6,1,8317.0
194,D_35,O_8,151453.3,1,4844.0
195,D_36,O_8,160888.5,1,989.0
196,D_37,O_8,155006.7,1,7791.0
197,D_38,O_8,113854.5,1,4578.0
198,D_39,O_8,61623.6,1,306.0
199,D_28,O_9,48305.4,1,9367.0
200,D_31,O_9,154724.7,1,9381.0
201,D_27,O_11,138275.8,1,1964.0
202,D_29,O_11,126117.2,1,8601.0
203,D_30,O_11,95708.8,1,6552.0
204,D_32,O_11,120783.5,1,7503.0
205,D_33,O_11,137731.4,1,8411.0
206,D_34,O_11,150542.8,1,8317.0
207,D_35,O_11,155552.5,1,4844.0
208,D_36,O_11,164987.7,1,989.0
209,D_37,O_11,159105.9,1,7791.0
210,D_38,O_11,117953.7,1,4578.0
211,D_39,O_11,65722.8,1,306.0
212,D_27,O_12,76613.7,1,1964.0
213,D_29,O_12,64455.1,1,8601.0
214,D_30,O_12,34046.7,1,6552.0
215,D_32,O_12,59121.4,1,7503.0
216,D_33,O_12,76069.3,1,8411.0
217,D_34,O_12,75711.3,1,8317.0
218,D_35,O_12,93890.4,1,4844.0
219,D_36,O_12,103325.6,1,989.0
220,D_37,O_12,97443.8,1,7791.0
221,D_38,O_12,56291.6,1,4578.0
222,D_39,O_12,35527.4,1,306.0
223,D_40,O_1,146384.8,1,5590.0
224,D_43,O_1,130572.7,1,7939.0
225,D_44,O_1,177457.9,1,7063.0
226,D_46,O_1,132816.4,1,9363.0
227,D_47,O_1,165580.4,1,3446.0
228,D_48,O_1,52888.7,1,2833.0
229,D_50,O_1,92053.5,1,6184.0
230,D_51,O_1,127248.9,1,3939.0
231,D_40,O_2,99463.5,1,5590.0
232,D_43,O_2,83651.4,1,7939.0
233,D_44,O_2,130536.6,1,7063.0
234,D_46,O_2,85895.1,1,9363.0
235,D_47,O_2,118659.1,1,3446.0
236,D_48,O_2,32313.4,1,2833.0
237,D_50,O_2,45132.2,1,6184.0
238,D_51,O_2,80327.6,1,3939.0
239,D_45,O_3,125279.1,1,5250.0
240,D_49,O_3,8574.3,1,6892.0
241,D_41,O_4,28178.0,1,9682.0
242,D_42,O_4,76213.5,1,7149.0
243,D_52,O_4,61122.5,1,3413.0
244,D_41,O_5,69574.0,1,9682.0
245,D_42,O_5,117609.5,1,7149.0
246,D_52,O_5,25506.9,1,3413.0
247,D_40,O_6,57887.9,1,5590.0
248,D_43,O_6,26588.4,1,7939.0
249,D_44,O_6,73473.6,1,7063.0
250,D_46,O_6,28832.1,1,9363.0
251,D_47,O_6,61596.1,1,3446.0
252,D_48,O_6,87457.5,1,2833.0
253,D_50,O_6,15435.5,1,6184.0
254,D_51,O_6,52761.5,1,3939.0
255,D_40,O_7,59586.8,1,5590.0
256,D_43,O_7,19476.4,1,7939.0
257,D_44,O_7,66361.6,1,7063.0
258,D_46,O_7,30531.0,1,9363.0
259,D_47,O_7,60329.6,1,3446.0
260,D_48,O_7,94769.7,1,2833.0
261,D_50,O_7,22747.7,1,6184.0
262,D_51,O_7,60073.7,1,3939.0
263,D_40,O_8,58067.2,1,5590.0
264,D_43,O_8,18903.8,1,7939.0
265,D_44,O_8,35628.9,1,7063.0
266,D_46,O_8,45733.6,1,9363.0
267,D_47,O_8,48900.3,1,3446.0
268,D_48,O_8,132759.2,1,2833.0
269,D_50,O_8,60737.2,1,6184.0
270,D_51,O_8,87160.5,1,3939.0
271,D_41,O_9,63748.5,1,9682.0
272,D_42,O_9,111784.0,1,7149.0
273,D_52,O_9,28383.0,1,3413.0
274,D_40,O_11,64563.6,1,5590.0
275,D_43,O_11,23074.8,1,7939.0
276,D_44,O_11,47952.0,1,7063.0
277,D_46,O_11,49832.8,1,9363.0
278,D_47,O_11,55396.7,1,3446.0
279,D_48,O_11,136858.4,1,2833.0
280,D_50,O_11,64836.4,1,6184.0
281,D_51,O_11,93656.9,1,3939.0
282,D_40,O_12,91805.8,1,5590.0
283,D_43,O_12,75993.7,1,7939.0
284,D_44,O_12,122878.9,1,7063.0
285,D_46,O_12,78237.4,1,9363.0
286,D_47,O_12,111001.4,1,3446.0
287,D_48,O_12,75196.3,1,2833.0
288,D_50,O_12,37474.5,1,6184.0
289,D_51,O_12,72669.9,1,3939.0
290,D_53,O_1,43754.2,1,4253.0
291,D_54,O_1,113709.8,1,6798.0
292,D_55,O_1,178864.7,1,2676.0
293,D_56,O_1,150003.6,1,7462.0
294,D_60,O_1,135992.1,1,2246.0
295,D_61,O_1,148402.5,1,5139.0
296,D_62,O_1,59222.5,1,9648.0
297,D_63,O_1,110442.4,1,2973.0
298,D_64,O_1,88433.2,1,3846.0
299,D_65,O_1,116342.9,1,2841.0
300,D_53,O_2,27089.7,1,4253.0
301,D_54,O_2,66788.5,1,6798.0
302,D_55,O_2,131943.4,1,2676.0
303,D_56,O_2,103082.3,1,7462.0
304,D_60,O_2,89070.8,1,2246.0
305,D_61,O_2,101481.2,1,5139.0
306,D_62,O_2,38647.2,1,9648.0
307,D_63,O_2,63521.1,1,2973.0
308,D_64,O_2,41511.9,1,3846.0
309,D_65,O_2,69421.6,1,2841.0
310,D_57,O_4,77089.3,1,4497.0
311,D_58,O_4,66235.8,1,4524.0
312,D_59,O_4,57033.0,1,3136.0
313,D_57,O_5,41473.7,1,4497.0
314,D_58,O_5,30620.2,1,4524.0
315,D_59,O_5,15206.4,1,3136.0
316,D_53,O_6,82233.8,1,4253.0
317,D_54,O_6,9725.5,1,6798.0
318,D_55,O_6,103202.5,1,2676.0
319,D_56,O_6,46019.3,1,7462.0
320,D_60,O_6,61910.0,1,2246.0
321,D_61,O_6,44418.2,1,5139.0
322,D_62,O_6,93791.3,1,9648.0
323,D_63,O_6,36352.6,1,2973.0
324,D_64,O_6,36562.5,1,3846.0
325,D_65,O_6,42253.1,1,2841.0
326,D_53,O_7,89546.0,1,4253.0
327,D_54,O_7,11424.4,1,6798.0
328,D_55,O_7,110514.7,1,2676.0
329,D_56,O_7,46284.3,1,7462.0
330,D_60,O_7,69222.2,1,2246.0
331,D_61,O_7,37306.2,1,5139.0
332,D_62,O_7,101103.5,1,9648.0
333,D_63,O_7,43664.8,1,2973.0
334,D_64,O_7,43874.7,1,3846.0
335,D_65,O_7,49565.3,1,2841.0
336,D_53,O_8,127535.5,1,4253.0
337,D_54,O_8,39447.3,1,6798.0
338,D_55,O_8,148504.2,1,2676.0
339,D_56,O_8,34855.0,1,7462.0
340,D_60,O_8,97865.9,1,2246.0
341,D_61,O_8,4024.5,1,5139.0
342,D_62,O_8,139093.0,1,9648.0
343,D_63,O_8,81654.3,1,2973.0
344,D_64,O_8,81864.2,1,3846.0
345,D_65,O_8,87554.8,1,2841.0
346,D_57,O_9,44349.8,1,4497.0
347,D_58,O_9,33496.3,1,4524.0
348,D_59,O_9,24293.5,1,3136.0
349,D_53,O_11,131634.7,1,4253.0
350,D_54,O_11,43546.5,1,6798.0
351,D_55,O_11,152603.4,1,2676.0
352,D_56,O_11,41351.4,1,7462.0
353,D_60,O_11,104362.3,1,2246.0
354,D_61,O_11,11404.6,1,5139.0
355,D_62,O_11,143192.2,1,9648.0
356,D_63,O_11,85753.5,1,2973.0
357,D_64,O_11,85963.4,1,3846.0
358,D_65,O_11,91654.0,1,2841.0
359,D_53,O_12,69972.6,1,4253.0
360,D_54,O_12,59130.8,1,6798.0
361,D_55,O_12,124285.7,1,2676.0
362,D_56,O_12,95424.6,1,7462.0
363,D_60,O_12,81413.1,1,2246.0
364,D_61,O_12,93823.5,1,5139.0
365,D_62,O_12,81530.1,1,9648.0
366,D_63,O_12,55863.4,1,2973.0
367,D_64,O_12,19580.1,1,3846.0
368,D_65,O_12,61763.9,1,2841.0
369,D_66,O_1,52740.6,1,8502.0
370,D_66,O_2,6251.2,1,8502.0
371,D_66,O_6,62329.8,1,8502.0
372,D_66,O_7,69642.0,1,8502.0
373,D_66,O_8,107631.5,1,8502.0
374,D_67,O_10,31592.2,1,4750.0
375,D_66,O_11,111730.7,1,8502.0
376,D_66,O_12,50068.6,1,8502.0
377,D_1,O_13,93878.6,1,9112.0
378,D_2,O_13,46858.5,1,8692.0
379,D_6,O_13,20832.1,1,2645.0
380,D_7,O_13,58694.9,1,3844.0
381,D_10,O_13,62910.4,1,5483.0
382,D_11,O_13,39035.7,1,5681.0
383,D_12,O_13,0.0,1,8054.0
384,D_13,O_13,105898.9,1,1452.0
385,D_1,O_14,176715.1,1,9112.0
386,D_2,O_14,129547.1,1,8692.0
387,D_6,O_14,97487.4,1,2645.0
388,D_7,O_14,61081.3,1,3844.0
389,D_10,O_14,71697.7,1,5483.0
390,D_11,O_14,121724.3,1,5681.0
391,D_12,O_14,106261.4,1,8054.0
392,D_13,O_14,0.0,1,1452.0
393,D_9,O_15,19412.6,1,5688.0
394,D_9,O_16,26844.6,1,5688.0
395,D_1,O_17,129172.6,1,9112.0
396,D_2,O_17,109208.1,1,8692.0
397,D_6,O_17,121364.2,1,2645.0
398,D_7,O_17,109827.0,1,3844.0
399,D_10,O_17,120443.4,1,5483.0
400,D_11,O_17,100611.2,1,5681.0
401,D_12,O_17,118286.7,1,8054.0
402,D_13,O_17,50293.7,1,1452.0
403,D_1,O_18,122061.9,1,9112.0
404,D_2,O_18,75041.8,1,8692.0
405,D_6,O_18,35290.4,1,2645.0
406,D_7,O_18,66553.9,1,3844.0
407,D_10,O_18,68973.4,1,5483.0
408,D_11,O_18,67219.0,1,5681.0
409,D_12,O_18,41255.3,1,8054.0
410,D_13,O_18,72377.6,1,1452.0
411,D_1,O_19,158267.3,1,9112.0
412,D_2,O_19,111247.2,1,8692.0
413,D_6,O_19,89804.7,1,2645.0
414,D_7,O_19,127667.5,1,3844.0
415,D_10,O_19,131883.0,1,5483.0
416,D_11,O_19,103424.4,1,5681.0
417,D_12,O_19,71464.8,1,8054.0
418,D_13,O_19,170866.0,1,1452.0
419,D_4,O_20,10102.3,1,5324.0
420,D_8,O_20,3719.9,1,8821.0
421,D_4,O_21,87080.7,1,5324.0
422,D_8,O_21,80542.2,1,8821.0
423,D_1,O_22,177112.2,1,9112.0
424,D_2,O_22,130092.1,1,8692.0
425,D_6,O_22,108649.6,1,2645.0
426,D_7,O_22,146512.4,1,3844.0
427,D_10,O_22,150727.9,1,5483.0
428,D_11,O_22,122269.3,1,5681.0
429,D_12,O_22,90309.7,1,8054.0
430,D_13,O_22,189710.9,1,1452.0
431,D_1,O_23,143257.3,1,9112.0
432,D_2,O_23,96237.2,1,8692.0
433,D_6,O_23,34857.0,1,2645.0
434,D_7,O_23,36170.7,1,3844.0
435,D_10,O_23,26955.2,1,5483.0
436,D_11,O_23,88414.4,1,5681.0
437,D_12,O_23,50287.2,1,8054.0
438,D_13,O_23,94636.2,1,1452.0
439,D_3,O_24,20811.1,1,1015.0
440,D_5,O_24,161599.8,1,2109.0
441,D_16,O_13,117855.2,1,3780.0
442,D_17,O_13,121923.3,1,8806.0
443,D_18,O_13,41576.8,1,3667.0
444,D_19,O_13,70733.2,1,2140.0
445,D_21,O_13,49525.9,1,9312.0
446,D_22,O_13,111651.7,1,993.0
447,D_23,O_13,4451.7,1,6363.0
448,D_24,O_13,77687.7,1,9398.0
449,D_25,O_13,75839.5,1,4480.0
450,D_26,O_13,101959.5,1,5010.0
451,D_16,O_14,49950.6,1,3780.0
452,D_17,O_14,54018.7,1,8806.0
453,D_18,O_14,74499.4,1,3667.0
454,D_19,O_14,170974.3,1,2140.0
455,D_21,O_14,95612.7,1,9312.0
456,D_22,O_14,125556.4,1,993.0
457,D_23,O_14,104152.1,1,6363.0
458,D_24,O_14,177928.8,1,9398.0
459,D_25,O_14,107963.8,1,4480.0
460,D_26,O_14,184796.0,1,5010.0
461,D_14,O_15,0.0,1,2036.0
462,D_15,O_15,9821.6,1,3990.0
463,D_14,O_16,10235.4,1,2036.0
464,D_15,O_16,0.0,1,3990.0
465,D_16,O_17,0.0,1,3780.0
466,D_17,O_17,8396.1,1,8806.0
467,D_18,O_17,98640.4,1,3667.0
468,D_19,O_17,182999.6,1,2140.0
469,D_21,O_17,144358.4,1,9312.0
470,D_22,O_17,78013.9,1,993.0
471,D_23,O_17,116177.4,1,6363.0
472,D_24,O_17,189954.1,1,9398.0
473,D_25,O_17,84398.8,1,4480.0
474,D_26,O_17,137253.5,1,5010.0
475,D_16,O_18,98611.7,1,3780.0
476,D_17,O_18,102679.8,1,8806.0
477,D_18,O_18,0.0,1,3667.0
478,D_19,O_18,105968.2,1,2140.0
479,D_21,O_18,64318.5,1,9312.0
480,D_22,O_18,139835.0,1,993.0
481,D_23,O_18,39146.0,1,6363.0
482,D_24,O_18,112922.7,1,9398.0
483,D_25,O_18,88401.1,1,4480.0
484,D_26,O_18,130142.8,1,5010.0
485,D_16,O_19,182822.3,1,3780.0
486,D_17,O_19,186890.4,1,8806.0
487,D_18,O_19,106543.9,1,3667.0
488,D_19,O_19,0.0,1,2140.0
489,D_21,O_19,120539.0,1,9312.0
490,D_22,O_19,176040.4,1,993.0
491,D_23,O_19,67974.9,1,6363.0
492,D_24,O_19,8613.9,1,9398.0
493,D_25,O_19,140806.6,1,4480.0
494,D_26,O_19,166348.2,1,5010.0
495,D_20,O_20,0.0,1,485.0
496,D_20,O_21,78660.0,1,485.0
497,D_16,O_22,201667.2,1,3780.0
498,D_17,O_22,205735.3,1,8806.0
499,D_18,O_22,125388.8,1,3667.0
500,D_19,O_22,20383.6,1,2140.0
501,D_21,O_22,139383.9,1,9312.0
502,D_22,O_22,194885.3,1,993.0
503,D_23,O_22,86819.8,1,6363.0
504,D_24,O_22,13285.7,1,9398.0
505,D_25,O_22,159651.5,1,4480.0
506,D_26,O_22,185193.1,1,5010.0
507,D_16,O_23,143171.5,1,3780.0
508,D_17,O_23,147239.6,1,8806.0
509,D_18,O_23,64147.1,1,3667.0
510,D_19,O_23,120653.6,1,2140.0
511,D_21,O_23,0.0,1,9312.0
512,D_22,O_23,161030.4,1,993.0
513,D_23,O_23,54358.6,1,6363.0
514,D_24,O_23,127608.1,1,9398.0
515,D_25,O_23,125870.7,1,4480.0
516,D_26,O_23,151338.2,1,5010.0
517,D_27,O_13,78028.5,1,1964.0
518,D_29,O_13,65869.9,1,8601.0
519,D_30,O_13,35461.5,1,6552.0
520,D_32,O_13,60536.2,1,7503.0
521,D_33,O_13,77484.1,1,8411.0
522,D_34,O_13,90295.5,1,8317.0
523,D_35,O_13,95305.2,1,4844.0
524,D_36,O_13,104740.4,1,989.0
525,D_37,O_13,98858.6,1,7791.0
526,D_38,O_13,57706.4,1,4578.0
527,D_39,O_13,5413.5,1,306.0
528,D_27,O_14,160865.0,1,1964.0
529,D_29,O_14,136164.6,1,8601.0
530,D_30,O_14,118150.1,1,6552.0
531,D_32,O_14,141284.7,1,7503.0
532,D_33,O_14,153959.6,1,8411.0
533,D_34,O_14,128503.6,1,8317.0
534,D_35,O_14,106195.6,1,4844.0
535,D_36,O_14,126380.0,1,989.0
536,D_37,O_14,109442.2,1,7791.0
537,D_38,O_14,140395.0,1,4578.0
538,D_39,O_14,103307.3,1,306.0
539,D_27,O_17,113322.5,1,1964.0
540,D_29,O_17,88622.1,1,8601.0
541,D_30,O_17,121566.5,1,6552.0
542,D_32,O_17,93742.2,1,7503.0
543,D_33,O_17,106417.1,1,8411.0
544,D_34,O_17,80961.1,1,8317.0
545,D_35,O_17,58653.1,1,4844.0
546,D_36,O_17,78837.5,1,989.0
547,D_37,O_17,61899.7,1,7791.0
548,D_38,O_17,100041.1,1,4578.0
549,D_39,O_17,115332.6,1,306.0
550,D_27,O_18,106211.8,1,1964.0
551,D_29,O_18,94053.2,1,8601.0
552,D_30,O_18,63644.8,1,6552.0
553,D_32,O_18,88719.5,1,7503.0
554,D_33,O_18,105667.4,1,8411.0
555,D_34,O_18,118478.8,1,8317.0
556,D_35,O_18,123488.5,1,4844.0
557,D_36,O_18,132923.7,1,989.0
558,D_37,O_18,127041.9,1,7791.0
559,D_38,O_18,85889.7,1,4578.0
560,D_39,O_18,38301.2,1,306.0
561,D_27,O_19,142417.2,1,1964.0
562,D_29,O_19,130258.6,1,8601.0
563,D_30,O_19,99850.2,1,6552.0
564,D_32,O_19,124924.9,1,7503.0
565,D_33,O_19,141872.8,1,8411.0
566,D_34,O_19,154684.2,1,8317.0
567,D_35,O_19,159693.9,1,4844.0
568,D_36,O_19,169129.1,1,989.0
569,D_37,O_19,163247.3,1,7791.0
570,D_38,O_19,122095.1,1,4578.0
571,D_39,O_19,69180.5,1,306.0
572,D_28,O_20,46695.9,1,9367.0
573,D_31,O_20,152375.4,1,9381.0
574,D_28,O_21,123674.3,1,9367.0
575,D_31,O_21,75112.3,1,9381.0
576,D_27,O_22,161262.1,1,1964.0
577,D_29,O_22,149103.5,1,8601.0
578,D_30,O_22,118695.1,1,6552.0
579,D_32,O_22,143769.8,1,7503.0
580,D_33,O_22,160717.7,1,8411.0
581,D_34,O_22,173529.1,1,8317.0
582,D_35,O_22,178538.8,1,4844.0
583,D_36,O_22,187974.0,1,989.0
584,D_37,O_22,182092.2,1,7791.0
585,D_38,O_22,140940.0,1,4578.0
586,D_39,O_22,88025.4,1,306.0
587,D_27,O_23,127407.2,1,1964.0
588,D_29,O_23,115248.6,1,8601.0
589,D_30,O_23,84840.2,1,6552.0
590,D_32,O_23,109914.9,1,7503.0
591,D_33,O_23,126862.8,1,8411.0
592,D_34,O_23,139674.2,1,8317.0
593,D_35,O_23,144683.9,1,4844.0
594,D_36,O_23,154119.1,1,989.0
595,D_37,O_23,148237.3,1,7791.0
596,D_38,O_23,107085.1,1,4578.0
597,D_39,O_23,54854.2,1,306.0
598,D_40,O_13,65862.2,1,5590.0
599,D_43,O_13,40111.8,1,7939.0
600,D_44,O_13,86997.0,1,7063.0
601,D_46,O_13,42355.5,1,9363.0
602,D_47,O_13,75119.5,1,3446.0
603,D_48,O_13,76611.1,1,2833.0
604,D_50,O_13,4047.4,1,6184.0
605,D_51,O_13,57023.1,1,3939.0
606,D_40,O_14,48840.2,1,5590.0
607,D_43,O_14,78198.0,1,7939.0
608,D_44,O_14,34256.6,1,7063.0
609,D_46,O_14,82885.8,1,9363.0
610,D_47,O_14,50133.7,1,3446.0
611,D_48,O_14,142309.0,1,2833.0
612,D_50,O_14,104782.5,1,6184.0
613,D_51,O_14,50180.6,1,3939.0
614,D_40,O_17,80298.5,1,5590.0
615,D_43,O_17,126943.7,1,7939.0
616,D_44,O_17,83002.3,1,7063.0
617,D_46,O_17,116464.3,1,9363.0
618,D_47,O_17,98879.4,1,3446.0
619,D_48,O_17,94766.5,1,2833.0
620,D_50,O_17,116807.8,1,6184.0
621,D_51,O_17,70028.3,1,3939.0
622,D_40,O_18,24285.4,1,5590.0
623,D_43,O_18,47970.8,1,7939.0
624,D_44,O_18,69848.0,1,7063.0
625,D_46,O_18,23375.1,1,9363.0
626,D_47,O_18,53981.3,1,3446.0
627,D_48,O_18,104794.4,1,2833.0
628,D_50,O_18,39776.4,1,6184.0
629,D_51,O_18,31401.0,1,3939.0
630,D_40,O_19,130829.3,1,5590.0
631,D_43,O_19,109084.4,1,7939.0
632,D_44,O_19,155969.6,1,7063.0
633,D_46,O_19,111328.1,1,9363.0
634,D_47,O_19,144092.1,1,3446.0
635,D_48,O_19,140999.8,1,2833.0
636,D_50,O_19,68566.0,1,6184.0
637,D_51,O_19,121990.2,1,3939.0
638,D_41,O_20,61399.2,1,9682.0
639,D_42,O_20,109434.7,1,7149.0
640,D_52,O_20,26773.5,1,3413.0
641,D_41,O_21,19084.8,1,9682.0
642,D_42,O_21,32171.6,1,7149.0
643,D_52,O_21,103751.9,1,3413.0
644,D_40,O_22,149674.2,1,5590.0
645,D_43,O_22,127929.3,1,7939.0
646,D_44,O_22,174814.5,1,7063.0
647,D_46,O_22,130173.0,1,9363.0
648,D_47,O_22,162937.0,1,3446.0
649,D_48,O_22,159844.7,1,2833.0
650,D_50,O_22,87410.9,1,6184.0
651,D_51,O_22,140835.1,1,3939.0
652,D_40,O_23,69815.2,1,5590.0
653,D_43,O_23,16570.3,1,7939.0
654,D_44,O_23,64472.8,1,7063.0
655,D_46,O_23,43328.3,1,9363.0
656,D_47,O_23,60648.3,1,3446.0
657,D_48,O_23,125989.8,1,2833.0
658,D_50,O_23,53967.8,1,6184.0
659,D_51,O_23,93519.0,1,3939.0
660,D_45,O_24,101853.3,1,5250.0
661,D_49,O_24,221468.5,1,6892.0
662,D_53,O_13,71387.4,1,4253.0
663,D_54,O_13,23248.9,1,6798.0
664,D_55,O_13,91814.4,1,2676.0
665,D_56,O_13,59542.7,1,7462.0
666,D_60,O_13,65766.3,1,2246.0
667,D_61,O_13,57941.6,1,5139.0
668,D_62,O_13,82944.9,1,9648.0
669,D_63,O_13,40216.6,1,2973.0
670,D_64,O_13,25716.1,1,3846.0
671,D_65,O_13,46117.1,1,2841.0
672,D_53,O_14,142957.1,1,4253.0
673,D_54,O_14,98741.5,1,6798.0
674,D_55,O_14,192055.5,1,2676.0
675,D_56,O_14,65707.3,1,7462.0
676,D_60,O_14,51959.1,1,2246.0
677,D_61,O_14,61457.8,1,5139.0
678,D_62,O_14,136481.2,1,9648.0
679,D_63,O_14,81076.9,1,2973.0
680,D_64,O_14,103388.2,1,3846.0
681,D_65,O_14,82995.2,1,2841.0
682,D_53,O_17,95414.6,1,4253.0
683,D_54,O_17,123781.0,1,6798.0
684,D_55,O_17,204080.8,1,2676.0
685,D_56,O_17,101096.9,1,7462.0
686,D_60,O_17,55114.2,1,2246.0
687,D_61,O_17,110203.5,1,5139.0
688,D_62,O_17,88938.7,1,9648.0
689,D_63,O_17,78054.9,1,2973.0
690,D_64,O_17,106952.4,1,3846.0
691,D_65,O_17,74936.5,1,2841.0
692,D_53,O_18,99570.7,1,4253.0
693,D_54,O_18,28697.0,1,6798.0
694,D_55,O_18,127049.4,1,2676.0
695,D_56,O_18,38404.5,1,7462.0
696,D_60,O_18,43582.9,1,2246.0
697,D_61,O_18,65800.6,1,5139.0
698,D_62,O_18,111128.2,1,9648.0
699,D_63,O_18,42627.1,1,2973.0
700,D_64,O_18,53497.8,1,3846.0
701,D_65,O_18,48527.6,1,2841.0
702,D_53,O_19,135776.1,1,4253.0
703,D_54,O_19,92221.5,1,6798.0
704,D_55,O_19,22740.6,1,2676.0
705,D_56,O_19,128515.3,1,7462.0
706,D_60,O_19,130733.4,1,2246.0
707,D_61,O_19,126914.2,1,5139.0
708,D_62,O_19,147333.6,1,9648.0
709,D_63,O_19,105183.7,1,2973.0
710,D_64,O_19,90104.8,1,3846.0
711,D_65,O_19,111084.2,1,2841.0
712,D_57,O_20,42740.3,1,4497.0
713,D_58,O_20,31886.8,1,4524.0
714,D_59,O_20,22684.0,1,3136.0
715,D_57,O_21,119718.7,1,4497.0
716,D_58,O_21,108865.2,1,4524.0
717,D_59,O_21,99662.4,1,3136.0
718,D_53,O_22,154621.0,1,4253.0
719,D_54,O_22,111066.4,1,6798.0
720,D_55,O_22,2869.4,1,2676.0
721,D_56,O_22,147360.2,1,7462.0
722,D_60,O_22,149578.3,1,2246.0
723,D_61,O_22,145759.1,1,5139.0
724,D_62,O_22,166178.5,1,9648.0
725,D_63,O_22,124028.6,1,2973.0
726,D_64,O_22,108949.7,1,3846.0
727,D_65,O_22,129929.1,1,2841.0
728,D_53,O_23,120766.1,1,4253.0
729,D_54,O_23,37042.0,1,6798.0
730,D_55,O_23,141734.8,1,2676.0
731,D_56,O_23,46603.0,1,7462.0
732,D_60,O_23,103875.5,1,2246.0
733,D_61,O_23,35356.4,1,5139.0
734,D_62,O_23,132323.6,1,9648.0
735,D_63,O_23,78318.1,1,2973.0
736,D_64,O_23,75094.8,1,3846.0
737,D_65,O_23,84218.6,1,2841.0
738,D_66,O_13,51483.4,1,8502.0
739,D_66,O_14,134172.0,1,8502.0
740,D_67,O_15,40004.7,1,4750.0
741,D_67,O_16,38330.6,1,4750.0
742,D_66,O_17,112473.4,1,8502.0
743,D_66,O_18,79666.7,1,8502.0
744,D_66,O_19,115872.1,1,8502.0
745,D_66,O_22,134717.0,1,8502.0
746,D_66,O_23,100862.1,1,8502.0
747,D_1,O_25,91019.0,1,9112.0
748,D_2,O_25,43998.9,1,8692.0
749,D_6,O_25,22900.1,1,2645.0
750,D_7,O_25,60762.9,1,3844.0
751,D_10,O_25,64978.4,1,5483.0
752,D_11,O_25,36176.1,1,5681.0
753,D_12,O_25,4560.2,1,8054.0
754,D_13,O_25,103617.7,1,1452.0
755,D_3,O_26,56614.2,1,1015.0
756,D_5,O_26,96627.5,1,2109.0
757,D_1,O_27,23408.5,1,9112.0
758,D_2,O_27,72414.6,1,8692.0
759,D_6,O_27,134232.3,1,2645.0
760,D_7,O_27,172095.1,1,3844.0
761,D_10,O_27,176310.6,1,5483.0
762,D_11,O_27,115110.1,1,5681.0
763,D_12,O_27,116471.7,1,8054.0
764,D_13,O_27,198071.4,1,1452.0
765,D_1,O_28,146240.3,1,9112.0
766,D_2,O_28,99220.2,1,8692.0
767,D_6,O_28,91182.6,1,2645.0
768,D_7,O_28,129045.4,1,3844.0
769,D_10,O_28,133260.9,1,5483.0
770,D_11,O_28,71013.0,1,5681.0
771,D_12,O_28,75934.5,1,8054.0
772,D_13,O_28,109875.4,1,1452.0
773,D_1,O_29,8544.3,1,9112.0
774,D_2,O_29,57550.4,1,8692.0
775,D_6,O_29,119368.1,1,2645.0
776,D_7,O_29,157230.9,1,3844.0
777,D_10,O_29,161446.4,1,5483.0
778,D_11,O_29,100245.9,1,5681.0
779,D_12,O_29,101607.5,1,8054.0
780,D_13,O_29,183207.2,1,1452.0
781,D_1,O_30,18546.4,1,9112.0
782,D_2,O_30,33623.6,1,8692.0
783,D_6,O_30,95441.3,1,2645.0
784,D_7,O_30,133304.1,1,3844.0
785,D_10,O_30,137519.6,1,5483.0
786,D_11,O_30,76319.1,1,5681.0
787,D_12,O_30,77680.7,1,8054.0
788,D_13,O_30,160265.2,1,1452.0
789,D_4,O_31,45357.3,1,5324.0
790,D_8,O_31,47576.9,1,8821.0
791,D_1,O_32,41485.3,1,9112.0
792,D_2,O_32,21520.8,1,8692.0
793,D_6,O_32,83338.5,1,2645.0
794,D_7,O_32,121201.3,1,3844.0
795,D_10,O_32,125416.8,1,5483.0
796,D_11,O_32,64216.3,1,5681.0
797,D_12,O_32,65577.9,1,8054.0
798,D_13,O_32,134348.5,1,1452.0
799,D_1,O_33,66390.9,1,9112.0
800,D_2,O_33,19370.8,1,8692.0
801,D_6,O_33,52976.4,1,2645.0
802,D_7,O_33,90839.2,1,3844.0
803,D_10,O_33,95054.7,1,5483.0
804,D_11,O_33,33854.2,1,5681.0
805,D_12,O_33,35215.8,1,8054.0
806,D_13,O_33,117808.1,1,1452.0
807,D_1,O_34,37171.4,1,9112.0
808,D_2,O_34,17206.9,1,8692.0
809,D_6,O_34,79024.6,1,2645.0
810,D_7,O_34,116887.4,1,3844.0
811,D_10,O_34,121102.9,1,5483.0
812,D_11,O_34,59902.4,1,5681.0
813,D_12,O_34,61264.0,1,8054.0
814,D_13,O_34,138739.1,1,1452.0
815,D_1,O_35,33587.8,1,9112.0
816,D_2,O_35,32480.9,1,8692.0
817,D_6,O_35,94298.6,1,2645.0
818,D_7,O_35,132161.4,1,3844.0
819,D_10,O_35,136376.9,1,5483.0
820,D_11,O_35,75176.4,1,5681.0
821,D_12,O_35,76538.0,1,8054.0
822,D_13,O_35,152110.8,1,1452.0
823,D_1,O_36,66033.8,1,9112.0
824,D_2,O_36,46069.3,1,8692.0
825,D_6,O_36,107887.0,1,2645.0
826,D_7,O_36,145749.8,1,3844.0
827,D_10,O_36,149965.3,1,5483.0
828,D_11,O_36,75365.4,1,5681.0
829,D_12,O_36,90126.4,1,8054.0
830,D_13,O_36,126801.4,1,1452.0
831,D_16,O_25,115574.0,1,3780.0
832,D_17,O_25,119642.1,1,8806.0
833,D_18,O_25,39295.6,1,3667.0
834,D_19,O_25,67409.5,1,2140.0
835,D_21,O_25,53634.4,1,9312.0
836,D_22,O_25,108792.1,1,993.0
837,D_23,O_25,0.0,1,6363.0
838,D_24,O_25,74364.0,1,9398.0
839,D_25,O_25,73558.3,1,4480.0
840,D_26,O_25,99099.9,1,5010.0
841,D_16,O_27,149615.8,1,3780.0
842,D_17,O_27,155232.1,1,8806.0
843,D_18,O_27,145038.7,1,3667.0
844,D_19,O_27,180722.8,1,2140.0
845,D_21,O_27,164966.6,1,9312.0
846,D_22,O_27,110868.6,1,993.0
847,D_23,O_27,113890.5,1,6363.0
848,D_24,O_27,187677.3,1,9398.0
849,D_25,O_27,169004.6,1,4480.0
850,D_26,O_27,14899.0,1,5010.0
851,D_16,O_28,82766.8,1,3780.0
852,D_17,O_28,88024.5,1,8806.0
853,D_18,O_28,88416.2,1,3667.0
854,D_19,O_28,140647.4,1,2140.0
855,D_21,O_28,125847.8,1,9312.0
856,D_22,O_28,106869.7,1,993.0
857,D_23,O_28,73825.2,1,6363.0
858,D_24,O_28,147601.9,1,9398.0
859,D_25,O_28,0.0,1,4480.0
860,D_26,O_28,154321.2,1,5010.0
861,D_16,O_29,134751.6,1,3780.0
862,D_17,O_29,140367.9,1,8806.0
863,D_18,O_29,130174.5,1,3667.0
864,D_19,O_29,165858.6,1,2140.0
865,D_21,O_29,150102.4,1,9312.0
866,D_22,O_29,96004.4,1,993.0
867,D_23,O_29,99026.3,1,6363.0
868,D_24,O_29,172813.1,1,9398.0
869,D_25,O_29,154140.4,1,4480.0
870,D_26,O_29,0.0,1,5010.0
871,D_16,O_30,111809.6,1,3780.0
872,D_17,O_30,117425.9,1,8806.0
873,D_18,O_30,106247.7,1,3667.0
874,D_19,O_30,141931.8,1,2140.0
875,D_21,O_30,126175.6,1,9312.0
876,D_22,O_30,72641.6,1,993.0
877,D_23,O_30,75099.5,1,6363.0
878,D_24,O_30,148886.3,1,9398.0
879,D_25,O_30,130213.6,1,4480.0
880,D_26,O_30,26627.3,1,5010.0
881,D_20,O_31,46550.7,1,485.0
882,D_16,O_32,85892.9,1,3780.0
883,D_17,O_32,91509.2,1,8806.0
884,D_18,O_32,94144.9,1,3667.0
885,D_19,O_32,129829.0,1,2140.0
886,D_21,O_32,114072.8,1,9312.0
887,D_22,O_32,45878.3,1,993.0
888,D_23,O_32,62996.7,1,6363.0
889,D_24,O_32,136783.5,1,9398.0
890,D_25,O_32,118110.8,1,4480.0
891,D_26,O_32,49566.2,1,5010.0
892,D_16,O_33,118752.5,1,3780.0
893,D_17,O_33,124368.8,1,8806.0
894,D_18,O_33,63782.8,1,3667.0
895,D_19,O_33,99466.9,1,2140.0
896,D_21,O_33,83710.7,1,9312.0
897,D_22,O_33,84164.0,1,993.0
898,D_23,O_33,32634.6,1,6363.0
899,D_24,O_33,106421.4,1,9398.0
900,D_25,O_33,87748.7,1,4480.0
901,D_26,O_33,74471.8,1,5010.0
902,D_16,O_34,90283.5,1,3780.0
903,D_17,O_34,95899.8,1,8806.0
904,D_18,O_34,89831.0,1,3667.0
905,D_19,O_34,125515.1,1,2140.0
906,D_21,O_34,109758.9,1,9312.0
907,D_22,O_34,51115.5,1,993.0
908,D_23,O_34,58682.8,1,6363.0
909,D_24,O_34,132469.6,1,9398.0
910,D_25,O_34,113796.9,1,4480.0
911,D_26,O_34,45252.3,1,5010.0
912,D_16,O_35,103655.2,1,3780.0
913,D_17,O_35,109271.5,1,8806.0
914,D_18,O_35,105105.0,1,3667.0
915,D_19,O_35,140789.1,1,2140.0
916,D_21,O_35,125032.9,1,9312.0
917,D_22,O_35,64487.2,1,993.0
918,D_23,O_35,73956.8,1,6363.0
919,D_24,O_35,147743.6,1,9398.0
920,D_25,O_35,129070.9,1,4480.0
921,D_26,O_35,41668.7,1,5010.0
922,D_16,O_36,78345.8,1,3780.0
923,D_17,O_36,83962.1,1,8806.0
924,D_18,O_36,118693.4,1,3667.0
925,D_19,O_36,154377.5,1,2140.0
926,D_21,O_36,138621.3,1,9312.0
927,D_22,O_36,51998.1,1,993.0
928,D_23,O_36,87545.2,1,6363.0
929,D_24,O_36,161332.0,1,9398.0
930,D_25,O_36,99217.7,1,4480.0
931,D_26,O_36,74114.7,1,5010.0
932,D_27,O_25,75168.9,1,1964.0
933,D_29,O_25,63010.3,1,8601.0
934,D_30,O_25,32601.9,1,6552.0
935,D_32,O_25,57676.6,1,7503.0
936,D_33,O_25,74624.5,1,8411.0
937,D_34,O_25,87435.9,1,8317.0
938,D_35,O_25,92445.6,1,4844.0
939,D_36,O_25,101880.8,1,989.0
940,D_37,O_25,95999.0,1,7791.0
941,D_38,O_25,54846.8,1,4578.0
942,D_39,O_25,1932.2,1,306.0
943,D_27,O_27,41505.3,1,1964.0
944,D_29,O_27,65086.8,1,8601.0
945,D_30,O_27,84773.0,1,6552.0
946,D_32,O_27,60317.1,1,7503.0
947,D_33,O_27,56468.7,1,8411.0
948,D_34,O_27,89091.6,1,8317.0
949,D_35,O_27,94101.3,1,4844.0
950,D_36,O_27,103957.3,1,989.0
951,D_37,O_27,97654.7,1,7791.0
952,D_38,O_27,63247.6,1,4578.0
953,D_39,O_27,113045.7,1,306.0
954,D_27,O_28,130390.2,1,1964.0
955,D_29,O_28,118231.6,1,8601.0
956,D_30,O_28,87823.2,1,6552.0
957,D_32,O_28,112897.9,1,7503.0
958,D_33,O_28,129845.8,1,8411.0
959,D_34,O_28,99137.5,1,8317.0
960,D_35,O_28,87508.9,1,4844.0
961,D_36,O_28,107693.3,1,989.0
962,D_37,O_28,90755.5,1,7791.0
963,D_38,O_28,110068.1,1,4578.0
964,D_39,O_28,72980.4,1,306.0
965,D_27,O_29,26641.1,1,1964.0
966,D_29,O_29,50222.6,1,8601.0
967,D_30,O_29,69908.8,1,6552.0
968,D_32,O_29,45452.9,1,7503.0
969,D_33,O_29,41604.5,1,8411.0
970,D_34,O_29,74227.4,1,8317.0
971,D_35,O_29,79237.1,1,4844.0
972,D_36,O_29,89093.1,1,989.0
973,D_37,O_29,82790.5,1,7791.0
974,D_38,O_29,48383.4,1,4578.0
975,D_39,O_29,98181.5,1,306.0
976,D_27,O_30,0.0,1,1964.0
977,D_29,O_30,26859.8,1,8601.0
978,D_30,O_30,45982.0,1,6552.0
979,D_32,O_30,21526.1,1,7503.0
980,D_33,O_30,16682.6,1,8411.0
981,D_34,O_30,51285.4,1,8317.0
982,D_35,O_30,56295.1,1,4844.0
983,D_36,O_30,65730.3,1,989.0
984,D_37,O_30,59848.5,1,7791.0
985,D_38,O_30,24456.6,1,4578.0
986,D_39,O_30,74254.7,1,306.0
987,D_28,O_31,0.0,1,9367.0
988,D_31,O_31,197084.5,1,9381.0
989,D_27,O_32,25635.2,1,1964.0
990,D_29,O_32,0.0,1,8601.0
991,D_30,O_32,33879.2,1,6552.0
992,D_32,O_32,6054.9,1,7503.0
993,D_33,O_32,18729.8,1,8411.0
994,D_34,O_32,25368.7,1,8317.0
995,D_35,O_32,30378.4,1,4844.0
996,D_36,O_32,38967.0,1,989.0
997,D_37,O_32,33931.8,1,7791.0
998,D_38,O_32,12353.8,1,4578.0
999,D_39,O_32,62151.9,1,306.0
1000,D_27,O_33,50540.8,1,1964.0
1001,D_29,O_33,38382.2,1,8601.0
1002,D_30,O_33,0.0,1,6552.0
1003,D_32,O_33,33048.5,1,7503.0
1004,D_33,O_33,49996.4,1,8411.0
1005,D_34,O_33,62807.8,1,8317.0
1006,D_35,O_33,67817.5,1,4844.0
1007,D_36,O_33,77252.7,1,989.0
1008,D_37,O_33,71370.9,1,7791.0
1009,D_38,O_33,30218.7,1,4578.0
1010,D_39,O_33,31789.8,1,306.0
1011,D_27,O_34,21321.3,1,1964.0
1012,D_29,O_34,5333.7,1,8601.0
1013,D_30,O_34,29565.3,1,6552.0
1014,D_32,O_34,0.0,1,7503.0
1015,D_33,O_34,17618.2,1,8411.0
1016,D_34,O_34,29759.3,1,8317.0
1017,D_35,O_34,34769.0,1,4844.0
1018,D_36,O_34,44204.2,1,989.0
1019,D_37,O_34,38322.4,1,7791.0
1020,D_38,O_34,8039.9,1,4578.0
1021,D_39,O_34,57838.0,1,306.0
1022,D_27,O_35,16737.1,1,1964.0
1023,D_29,O_35,18705.4,1,8601.0
1024,D_30,O_35,44839.3,1,6552.0
1025,D_32,O_35,16955.0,1,7503.0
1026,D_33,O_35,0.0,1,8411.0
1027,D_34,O_35,43131.0,1,8317.0
1028,D_35,O_35,48140.7,1,4844.0
1029,D_36,O_35,57575.9,1,989.0
1030,D_37,O_35,51694.1,1,7791.0
1031,D_38,O_35,23313.9,1,4578.0
1032,D_39,O_35,73112.0,1,306.0
1033,D_27,O_36,50183.7,1,1964.0
1034,D_29,O_36,25483.3,1,8601.0
1035,D_30,O_36,58427.7,1,6552.0
1036,D_32,O_36,30603.4,1,7503.0
1037,D_33,O_36,43278.3,1,8411.0
1038,D_34,O_36,0.0,1,8317.0
1039,D_35,O_36,22831.3,1,4844.0
1040,D_36,O_36,47472.8,1,989.0
1041,D_37,O_36,26384.7,1,7791.0
1042,D_38,O_36,36902.3,1,4578.0
1043,D_39,O_36,86700.4,1,306.0
1044,D_40,O_25,63581.0,1,5590.0
1045,D_43,O_25,42179.8,1,7939.0
1046,D_44,O_25,89065.0,1,7063.0
1047,D_46,O_25,44423.5,1,9363.0
1048,D_47,O_25,77187.5,1,3446.0
1049,D_48,O_25,73751.5,1,2833.0
1050,D_50,O_25,2088.5,1,6184.0
1051,D_51,O_25,54741.9,1,3939.0
1052,D_45,O_26,35850.9,1,5250.0
1053,D_49,O_26,156496.2,1,6892.0
1054,D_40,O_27,169324.1,1,5590.0
1055,D_43,O_27,153512.0,1,7939.0
1056,D_44,O_27,200397.2,1,7063.0
1057,D_46,O_27,155755.7,1,9363.0
1058,D_47,O_27,188519.7,1,3446.0
1059,D_48,O_27,75828.0,1,2833.0
1060,D_50,O_27,114992.8,1,6184.0
1061,D_51,O_27,150188.2,1,3939.0
1062,D_40,O_28,99981.0,1,5590.0
1063,D_43,O_28,110462.3,1,7939.0
1064,D_44,O_28,142584.0,1,7063.0
1065,D_46,O_28,112706.0,1,9363.0
1066,D_47,O_28,145470.0,1,3446.0
1067,D_48,O_28,128972.8,1,2833.0
1068,D_50,O_28,74455.6,1,6184.0
1069,D_51,O_28,77963.4,1,3939.0
1070,D_40,O_29,154459.9,1,5590.0
1071,D_43,O_29,138647.8,1,7939.0
1072,D_44,O_29,185533.0,1,7063.0
1073,D_46,O_29,140891.5,1,9363.0
1074,D_47,O_29,173655.5,1,3446.0
1075,D_48,O_29,60963.8,1,2833.0
1076,D_50,O_29,100128.6,1,6184.0
1077,D_51,O_29,135324.0,1,3939.0
1078,D_40,O_30,130533.1,1,5590.0
1079,D_43,O_30,114721.0,1,7939.0
1080,D_44,O_30,161606.2,1,7063.0
1081,D_46,O_30,116964.7,1,9363.0
1082,D_47,O_30,149728.7,1,3446.0
1083,D_48,O_30,37601.0,1,2833.0
1084,D_50,O_30,76201.8,1,6184.0
1085,D_51,O_30,111397.2,1,3939.0
1086,D_41,O_31,106108.3,1,9682.0
1087,D_42,O_31,154143.8,1,7149.0
1088,D_52,O_31,20299.6,1,3413.0
1089,D_40,O_32,118430.3,1,5590.0
1090,D_43,O_32,102618.2,1,7939.0
1091,D_44,O_32,149503.4,1,7063.0
1092,D_46,O_32,104861.9,1,9363.0
1093,D_47,O_32,137625.9,1,3446.0
1094,D_48,O_32,10837.7,1,2833.0
1095,D_50,O_32,64099.0,1,6184.0
1096,D_51,O_32,99294.4,1,3939.0
1097,D_40,O_33,88068.2,1,5590.0
1098,D_43,O_33,72256.1,1,7939.0
1099,D_44,O_33,119141.3,1,7063.0
1100,D_46,O_33,74499.8,1,9363.0
1101,D_47,O_33,107263.8,1,3446.0
1102,D_48,O_33,49123.4,1,2833.0
1103,D_50,O_33,33736.9,1,6184.0
1104,D_51,O_33,68932.3,1,3939.0
1105,D_40,O_34,114116.4,1,5590.0
1106,D_43,O_34,98304.3,1,7939.0
1107,D_44,O_34,145189.5,1,7063.0
1108,D_46,O_34,100548.0,1,9363.0
1109,D_47,O_34,133312.0,1,3446.0
1110,D_48,O_34,16074.9,1,2833.0
1111,D_50,O_34,59785.1,1,6184.0
1112,D_51,O_34,94980.5,1,3939.0
1113,D_40,O_35,129390.4,1,5590.0
1114,D_43,O_35,113578.3,1,7939.0
1115,D_44,O_35,160463.5,1,7063.0
1116,D_46,O_35,115822.0,1,9363.0
1117,D_47,O_35,148586.0,1,3446.0
1118,D_48,O_35,29446.6,1,2833.0
1119,D_50,O_35,75059.1,1,6184.0
1120,D_51,O_35,110254.5,1,3939.0
1121,D_40,O_36,142978.8,1,5590.0
1122,D_43,O_36,127166.7,1,7939.0
1123,D_44,O_36,159510.0,1,7063.0
1124,D_46,O_36,129410.4,1,9363.0
1125,D_47,O_36,162174.4,1,3446.0
1126,D_48,O_36,35962.7,1,2833.0
1127,D_50,O_36,88647.5,1,6184.0
1128,D_51,O_36,123842.9,1,3939.0
1129,D_53,O_25,68527.8,1,4253.0
1130,D_54,O_25,25316.9,1,6798.0
1131,D_55,O_25,88490.7,1,2676.0
1132,D_56,O_25,61610.7,1,7462.0
1133,D_60,O_25,63485.1,1,2246.0
1134,D_61,O_25,60009.6,1,5139.0
1135,D_62,O_25,80085.3,1,9648.0
1136,D_63,O_25,37935.4,1,2973.0
1137,D_64,O_25,22856.5,1,3846.0
1138,D_65,O_25,43835.9,1,2841.0
1139,D_53,O_27,66693.5,1,4253.0
1140,D_54,O_27,136649.1,1,6798.0
1141,D_55,O_27,201804.0,1,2676.0
1142,D_56,O_27,172942.9,1,7462.0
1143,D_60,O_27,158931.4,1,2246.0
1144,D_61,O_27,171341.8,1,5139.0
1145,D_62,O_27,82161.8,1,9648.0
1146,D_63,O_27,133381.7,1,2973.0
1147,D_64,O_27,111372.5,1,3846.0
1148,D_65,O_27,139282.2,1,2841.0
1149,D_53,O_28,123749.1,1,4253.0
1150,D_54,O_28,93599.4,1,6798.0
1151,D_55,O_28,161728.6,1,2676.0
1152,D_56,O_28,129893.2,1,7462.0
1153,D_60,O_28,77083.3,1,2246.0
1154,D_61,O_28,128292.1,1,5139.0
1155,D_62,O_28,117794.5,1,9648.0
1156,D_63,O_28,46117.7,1,2973.0
1157,D_64,O_28,53901.4,1,3846.0
1158,D_65,O_28,40717.7,1,2841.0
1159,D_53,O_29,51829.3,1,4253.0
1160,D_54,O_29,121784.9,1,6798.0
1161,D_55,O_29,186939.8,1,2676.0
1162,D_56,O_29,158078.7,1,7462.0
1163,D_60,O_29,144067.2,1,2246.0
1164,D_61,O_29,156477.6,1,5139.0
1165,D_62,O_29,67297.6,1,9648.0
1166,D_63,O_29,118517.5,1,2973.0
1167,D_64,O_29,96508.3,1,3846.0
1168,D_65,O_29,124418.0,1,2841.0
1169,D_53,O_30,32377.3,1,4253.0
1170,D_54,O_30,97858.1,1,6798.0
1171,D_55,O_30,163013.0,1,2676.0
1172,D_56,O_30,134151.9,1,7462.0
1173,D_60,O_30,120140.4,1,2246.0
1174,D_61,O_30,132550.8,1,5139.0
1175,D_62,O_30,43934.8,1,9648.0
1176,D_63,O_30,94590.7,1,2973.0
1177,D_64,O_30,72581.5,1,3846.0
1178,D_65,O_30,100491.2,1,2841.0
1179,D_57,O_31,5389.2,1,4497.0
1180,D_58,O_31,15508.2,1,4524.0
1181,D_59,O_31,44030.2,1,3136.0
1182,D_53,O_32,7727.3,1,4253.0
1183,D_54,O_32,85755.3,1,6798.0
1184,D_55,O_32,150910.2,1,2676.0
1185,D_56,O_32,122049.1,1,7462.0
1186,D_60,O_32,108037.6,1,2246.0
1187,D_61,O_32,120448.0,1,5139.0
1188,D_62,O_32,17171.5,1,9648.0
1189,D_63,O_32,82487.9,1,2973.0
1190,D_64,O_32,60478.7,1,3846.0
1191,D_65,O_32,88388.4,1,2841.0
1192,D_53,O_33,43899.7,1,4253.0
1193,D_54,O_33,55393.2,1,6798.0
1194,D_55,O_33,120548.1,1,2676.0
1195,D_56,O_33,91687.0,1,7462.0
1196,D_60,O_33,77675.5,1,2246.0
1197,D_61,O_33,90085.9,1,5139.0
1198,D_62,O_33,55457.2,1,9648.0
1199,D_63,O_33,52125.8,1,2973.0
1200,D_64,O_33,30116.6,1,3846.0
1201,D_65,O_33,58026.3,1,2841.0
1202,D_53,O_34,10851.2,1,4253.0
1203,D_54,O_34,81441.4,1,6798.0
1204,D_55,O_34,146596.3,1,2676.0
1205,D_56,O_34,117735.2,1,7462.0
1206,D_60,O_34,103723.7,1,2246.0
1207,D_61,O_34,116134.1,1,5139.0
1208,D_62,O_34,22408.7,1,9648.0
1209,D_63,O_34,78174.0,1,2973.0
1210,D_64,O_34,56164.8,1,3846.0
1211,D_65,O_34,84074.5,1,2841.0
1212,D_53,O_35,23784.0,1,4253.0
1213,D_54,O_35,96715.4,1,6798.0
1214,D_55,O_35,161870.3,1,2676.0
1215,D_56,O_35,133009.2,1,7462.0
1216,D_60,O_35,118997.7,1,2246.0
1217,D_61,O_35,131408.1,1,5139.0
1218,D_62,O_35,35780.4,1,9648.0
1219,D_63,O_35,93448.0,1,2973.0
1220,D_64,O_35,71438.8,1,3846.0
1221,D_65,O_35,99348.5,1,2841.0
1222,D_53,O_36,32275.8,1,4253.0
1223,D_54,O_36,110303.8,1,6798.0
1224,D_55,O_36,175458.7,1,2676.0
1225,D_56,O_36,146597.6,1,7462.0
1226,D_60,O_36,131621.9,1,2246.0
1227,D_61,O_36,144996.5,1,5139.0
1228,D_62,O_36,42296.5,1,9648.0
1229,D_63,O_36,107036.4,1,2973.0
1230,D_64,O_36,85027.2,1,3846.0
1231,D_65,O_36,112936.9,1,2841.0
1232,D_66,O_25,48623.8,1,8502.0
1233,D_66,O_27,72424.8,1,8502.0
1234,D_66,O_28,103845.1,1,8502.0
1235,D_66,O_29,57525.8,1,8502.0
1236,D_66,O_30,36888.9,1,8502.0
1237,D_66,O_32,24786.1,1,8502.0
1238,D_66,O_33,23995.7,1,8502.0
1239,D_66,O_34,20472.2,1,8502.0
1240,D_66,O_35,35746.2,1,8502.0
1241,D_66,O_36,49334.6,1,8502.0
1242,D_1,O_37,80277.5,1,9112.0
1243,D_2,O_37,60313.0,1,8692.0
1244,D_6,O_37,122130.7,1,2645.0
1245,D_7,O_37,159993.5,1,3844.0
1246,D_10,O_37,164209.0,1,5483.0
1247,D_11,O_37,103008.5,1,5681.0
1248,D_12,O_37,104370.1,1,8054.0
1249,D_13,O_37,124642.6,1,1452.0
1250,D_1,O_38,74591.9,1,9112.0
1251,D_2,O_38,54627.4,1,8692.0
1252,D_6,O_38,116445.1,1,2645.0
1253,D_7,O_38,154307.9,1,3844.0
1254,D_10,O_38,158523.4,1,5483.0
1255,D_11,O_38,97322.9,1,5681.0
1256,D_12,O_38,98684.5,1,8054.0
1257,D_13,O_38,107667.9,1,1452.0
1258,D_1,O_39,89755.3,1,9112.0
1259,D_2,O_39,42735.2,1,8692.0
1260,D_6,O_39,23246.8,1,2645.0
1261,D_7,O_39,61109.6,1,3844.0
1262,D_10,O_39,65325.1,1,5483.0
1263,D_11,O_39,34912.4,1,5681.0
1264,D_12,O_39,5365.7,1,8054.0
1265,D_13,O_39,102354.0,1,1452.0
1266,D_1,O_40,148467.0,1,9112.0
1267,D_2,O_40,101446.9,1,8692.0
1268,D_6,O_40,61695.5,1,2645.0
1269,D_7,O_40,58218.7,1,3844.0
1270,D_10,O_40,64572.6,1,5483.0
1271,D_11,O_40,93624.1,1,5681.0
1272,D_12,O_40,67660.4,1,8054.0
1273,D_13,O_40,48868.5,1,1452.0
1274,D_4,O_41,117424.8,1,5324.0
1275,D_8,O_41,110886.3,1,8821.0
1276,D_1,O_42,131268.7,1,9112.0
1277,D_2,O_42,84248.6,1,8692.0
1278,D_6,O_42,19435.2,1,2645.0
1279,D_7,O_42,18722.9,1,3844.0
1280,D_10,O_42,21142.4,1,5483.0
1281,D_11,O_42,76425.8,1,5681.0
1282,D_12,O_42,40095.4,1,8054.0
1283,D_13,O_42,76723.1,1,1452.0
1284,D_1,O_43,182175.1,1,9112.0
1285,D_2,O_43,135155.0,1,8692.0
1286,D_6,O_43,76710.2,1,2645.0
1287,D_7,O_43,46808.3,1,3844.0
1288,D_10,O_43,57934.9,1,5483.0
1289,D_11,O_43,127332.2,1,5681.0
1290,D_12,O_43,91001.8,1,8054.0
1291,D_13,O_43,34231.5,1,1452.0
1292,D_1,O_44,133545.9,1,9112.0
1293,D_2,O_44,86525.8,1,8692.0
1294,D_6,O_44,30532.8,1,2645.0
1295,D_7,O_44,45722.0,1,3844.0
1296,D_10,O_44,48141.5,1,5483.0
1297,D_11,O_44,78703.0,1,5681.0
1298,D_12,O_44,42372.6,1,8054.0
1299,D_13,O_44,82862.2,1,1452.0
1300,D_1,O_45,166310.2,1,9112.0
1301,D_2,O_45,119290.1,1,8692.0
1302,D_6,O_45,60280.9,1,2645.0
1303,D_7,O_45,49048.5,1,3844.0
1304,D_10,O_45,55402.4,1,5483.0
1305,D_11,O_45,111467.3,1,5681.0
1306,D_12,O_45,75136.9,1,8054.0
1307,D_13,O_45,50110.6,1,1452.0
1308,D_1,O_46,52219.6,1,9112.0
1309,D_2,O_46,32255.1,1,8692.0
1310,D_6,O_46,94072.8,1,2645.0
1311,D_7,O_46,131935.6,1,3844.0
1312,D_10,O_46,136151.1,1,5483.0
1313,D_11,O_46,74950.6,1,5681.0
1314,D_12,O_46,76312.2,1,8054.0
1315,D_13,O_46,140638.0,1,1452.0
1316,D_1,O_47,92365.0,1,9112.0
1317,D_2,O_47,45344.9,1,8692.0
1318,D_6,O_47,22420.3,1,2645.0
1319,D_7,O_47,60283.1,1,3844.0
1320,D_10,O_47,64498.6,1,5483.0
1321,D_11,O_47,37522.1,1,5681.0
1322,D_12,O_47,4080.4,1,8054.0
1323,D_13,O_47,104385.3,1,1452.0
1324,D_1,O_48,127692.1,1,9112.0
1325,D_2,O_48,80672.0,1,8692.0
1326,D_6,O_48,60047.2,1,2645.0
1327,D_7,O_48,87308.5,1,3844.0
1328,D_10,O_48,93662.4,1,5483.0
1329,D_11,O_48,72849.2,1,5681.0
1330,D_12,O_48,57386.3,1,8054.0
1331,D_13,O_48,50162.0,1,1452.0
1332,D_16,O_37,76187.0,1,3780.0
1333,D_17,O_37,81803.3,1,8806.0
1334,D_18,O_37,132937.1,1,3667.0
1335,D_19,O_37,168621.2,1,2140.0
1336,D_21,O_37,152865.0,1,9312.0
1337,D_22,O_37,7335.8,1,993.0
1338,D_23,O_37,101788.9,1,6363.0
1339,D_24,O_37,175575.7,1,9398.0
1340,D_25,O_37,107775.3,1,4480.0
1341,D_26,O_37,88358.4,1,5010.0
1342,D_16,O_38,59212.3,1,3780.0
1343,D_17,O_38,64828.6,1,8806.0
1344,D_18,O_38,127251.5,1,3667.0
1345,D_19,O_38,162935.6,1,2140.0
1346,D_21,O_38,147179.4,1,9312.0
1347,D_22,O_38,32653.5,1,993.0
1348,D_23,O_38,96103.3,1,6363.0
1349,D_24,O_38,169890.1,1,9398.0
1350,D_25,O_38,90800.6,1,4480.0
1351,D_26,O_38,82672.8,1,5010.0
1352,D_16,O_39,114310.3,1,3780.0
1353,D_17,O_39,118378.4,1,8806.0
1354,D_18,O_39,38031.9,1,3667.0
1355,D_19,O_39,68520.5,1,2140.0
1356,D_21,O_39,53981.1,1,9312.0
1357,D_22,O_39,107528.4,1,993.0
1358,D_23,O_39,1673.9,1,6363.0
1359,D_24,O_39,75475.0,1,9398.0
1360,D_25,O_39,72294.6,1,4480.0
1361,D_26,O_39,97836.2,1,5010.0
1362,D_16,O_40,79977.2,1,3780.0
1363,D_17,O_40,84045.3,1,8806.0
1364,D_18,O_40,26405.1,1,3667.0
1365,D_19,O_40,132373.3,1,2140.0
1366,D_21,O_40,69862.2,1,9312.0
1367,D_22,O_40,155583.0,1,993.0
1368,D_23,O_40,65551.1,1,6363.0
1369,D_24,O_40,139327.8,1,9398.0
1370,D_25,O_40,106943.1,1,4480.0
1371,D_26,O_40,156547.9,1,5010.0
1372,D_20,O_41,109004.1,1,485.0
1373,D_16,O_42,125258.4,1,3780.0
1374,D_17,O_42,129326.5,1,8806.0
1375,D_18,O_42,47794.4,1,3667.0
1376,D_19,O_42,108665.0,1,2140.0
1377,D_21,O_42,16570.8,1,9312.0
1378,D_22,O_42,149041.8,1,993.0
1379,D_23,O_42,42370.0,1,6363.0
1380,D_24,O_42,115619.5,1,9398.0
1381,D_25,O_42,110448.9,1,4480.0
1382,D_26,O_42,139349.6,1,5010.0
1383,D_16,O_43,82766.8,1,3780.0
1384,D_17,O_43,86834.9,1,8806.0
1385,D_18,O_43,69839.8,1,3667.0
1386,D_19,O_43,159571.4,1,2140.0
1387,D_21,O_43,74950.3,1,9312.0
1388,D_22,O_43,158372.6,1,993.0
1389,D_23,O_43,93276.4,1,6363.0
1390,D_24,O_43,166525.9,1,9398.0
1391,D_25,O_43,140780.0,1,4480.0
1392,D_26,O_43,190256.0,1,5010.0
1393,D_16,O_44,116116.0,1,3780.0
1394,D_17,O_44,120184.1,1,8806.0
1395,D_18,O_44,23374.0,1,3667.0
1396,D_19,O_44,110942.2,1,2140.0
1397,D_21,O_44,43486.6,1,9312.0
1398,D_22,O_44,151319.0,1,993.0
1399,D_23,O_44,44647.2,1,6363.0
1400,D_24,O_44,117896.7,1,9398.0
1401,D_25,O_44,112726.1,1,4480.0
1402,D_26,O_44,141626.8,1,5010.0
1403,D_16,O_45,98645.9,1,3780.0
1404,D_17,O_45,102714.0,1,8806.0
1405,D_18,O_45,53974.9,1,3667.0
1406,D_19,O_45,143706.5,1,2140.0
1407,D_21,O_45,60692.0,1,9312.0
1408,D_22,O_45,174251.7,1,993.0
1409,D_23,O_45,77411.5,1,6363.0
1410,D_24,O_45,150661.0,1,9398.0
1411,D_25,O_45,145490.4,1,4480.0
1412,D_26,O_45,174391.1,1,5010.0
1413,D_16,O_46,92182.4,1,3780.0
1414,D_17,O_46,97798.7,1,8806.0
1415,D_18,O_46,104879.2,1,3667.0
1416,D_19,O_46,140563.3,1,2140.0
1417,D_21,O_46,124807.1,1,9312.0
1418,D_22,O_46,35040.6,1,993.0
1419,D_23,O_46,73731.0,1,6363.0
1420,D_24,O_46,147517.8,1,9398.0
1421,D_25,O_46,128845.1,1,4480.0
1422,D_26,O_46,60300.5,1,5010.0
1423,D_16,O_47,116341.6,1,3780.0
1424,D_17,O_47,120409.7,1,8806.0
1425,D_18,O_47,40063.2,1,3667.0
1426,D_19,O_47,67790.9,1,2140.0
1427,D_21,O_47,53154.6,1,9312.0
1428,D_22,O_47,110138.1,1,993.0
1429,D_23,O_47,2066.0,1,6363.0
1430,D_24,O_47,74745.4,1,9398.0
1431,D_25,O_47,74325.9,1,4480.0
1432,D_26,O_47,100445.9,1,5010.0
1433,D_16,O_48,69973.1,1,3780.0
1434,D_17,O_48,74041.2,1,8806.0
1435,D_18,O_48,31399.6,1,3667.0
1436,D_19,O_48,122099.2,1,2140.0
1437,D_21,O_48,93673.4,1,9312.0
1438,D_22,O_48,145578.9,1,993.0
1439,D_23,O_48,55277.0,1,6363.0
1440,D_24,O_48,129053.7,1,9398.0
1441,D_25,O_48,77975.8,1,4480.0
1442,D_26,O_48,135773.0,1,5010.0
1443,D_27,O_37,64427.4,1,1964.0
1444,D_29,O_37,38889.5,1,8601.0
1445,D_30,O_37,72671.4,1,6552.0
1446,D_32,O_37,44847.1,1,7503.0
1447,D_33,O_37,57522.0,1,8411.0
1448,D_34,O_37,47484.9,1,8317.0
1449,D_35,O_37,25065.7,1,4844.0
1450,D_36,O_37,0.0,1,989.0
1451,D_37,O_37,28112.4,1,7791.0
1452,D_38,O_37,51146.0,1,4578.0
1453,D_39,O_37,100944.1,1,306.0
1454,D_27,O_38,58741.8,1,1964.0
1455,D_29,O_38,34041.4,1,8601.0
1456,D_30,O_38,66985.8,1,6552.0
1457,D_32,O_38,39161.5,1,7503.0
1458,D_33,O_38,51836.4,1,8411.0
1459,D_34,O_38,26380.4,1,8317.0
1460,D_35,O_38,3961.2,1,4844.0
1461,D_36,O_38,28128.2,1,989.0
1462,D_37,O_38,0.0,1,7791.0
1463,D_38,O_38,45460.4,1,4578.0
1464,D_39,O_38,95258.5,1,306.0
1465,D_27,O_39,73905.2,1,1964.0
1466,D_29,O_39,61746.6,1,8601.0
1467,D_30,O_39,31338.2,1,6552.0
1468,D_32,O_39,56412.9,1,7503.0
1469,D_33,O_39,73360.8,1,8411.0
1470,D_34,O_39,86172.2,1,8317.0
1471,D_35,O_39,91181.9,1,4844.0
1472,D_36,O_39,100617.1,1,989.0
1473,D_37,O_39,94735.3,1,7791.0
1474,D_38,O_39,53583.1,1,4578.0
1475,D_39,O_39,0.0,1,306.0
1476,D_27,O_40,132616.9,1,1964.0
1477,D_29,O_40,120458.3,1,8601.0
1478,D_30,O_40,90049.9,1,6552.0
1479,D_32,O_40,115124.6,1,7503.0
1480,D_33,O_40,132072.5,1,8411.0
1481,D_34,O_40,144883.9,1,8317.0
1482,D_35,O_40,136222.2,1,4844.0
1483,D_36,O_40,156406.6,1,989.0
1484,D_37,O_40,139468.8,1,7791.0
1485,D_38,O_40,112294.8,1,4578.0
1486,D_39,O_40,64706.3,1,306.0
1487,D_28,O_41,154018.4,1,9367.0
1488,D_31,O_41,44190.9,1,9381.0
1489,D_27,O_42,115418.6,1,1964.0
1490,D_29,O_42,103260.0,1,8601.0
1491,D_30,O_42,72851.6,1,6552.0
1492,D_32,O_42,97926.3,1,7503.0
1493,D_33,O_42,114874.2,1,8411.0
1494,D_34,O_42,127685.6,1,8317.0
1495,D_35,O_42,132695.3,1,4844.0
1496,D_36,O_42,142130.5,1,989.0
1497,D_37,O_42,136248.7,1,7791.0
1498,D_38,O_42,95096.5,1,4578.0
1499,D_39,O_42,42865.6,1,306.0
1500,D_27,O_43,166325.0,1,1964.0
1501,D_29,O_43,154166.4,1,8601.0
1502,D_30,O_43,123758.0,1,6552.0
1503,D_32,O_43,148832.7,1,7503.0
1504,D_33,O_43,165780.6,1,8411.0
1505,D_34,O_43,161319.8,1,8317.0
1506,D_35,O_43,139011.8,1,4844.0
1507,D_36,O_43,159196.2,1,989.0
1508,D_37,O_43,142258.4,1,7791.0
1509,D_38,O_43,146002.9,1,4578.0
1510,D_39,O_43,93772.0,1,306.0
1511,D_27,O_44,117695.8,1,1964.0
1512,D_29,O_44,105537.2,1,8601.0
1513,D_30,O_44,75128.8,1,6552.0
1514,D_32,O_44,100203.5,1,7503.0
1515,D_33,O_44,117151.4,1,8411.0
1516,D_34,O_44,129962.8,1,8317.0
1517,D_35,O_44,134972.5,1,4844.0
1518,D_36,O_44,144407.7,1,989.0
1519,D_37,O_44,138525.9,1,7791.0
1520,D_38,O_44,97373.7,1,4578.0
1521,D_39,O_44,45142.8,1,306.0
1522,D_27,O_45,150460.1,1,1964.0
1523,D_29,O_45,138301.5,1,8601.0
1524,D_30,O_45,107893.1,1,6552.0
1525,D_32,O_45,132967.8,1,7503.0
1526,D_33,O_45,149915.7,1,8411.0
1527,D_34,O_45,162727.1,1,8317.0
1528,D_35,O_45,154890.9,1,4844.0
1529,D_36,O_45,175075.3,1,989.0
1530,D_37,O_45,158137.5,1,7791.0
1531,D_38,O_45,130138.0,1,4578.0
1532,D_39,O_45,77907.1,1,306.0
1533,D_27,O_46,36369.5,1,1964.0
1534,D_29,O_46,10831.6,1,8601.0
1535,D_30,O_46,44613.5,1,6552.0
1536,D_32,O_46,16789.2,1,7503.0
1537,D_33,O_46,29464.1,1,8411.0
1538,D_34,O_46,35837.2,1,8317.0
1539,D_35,O_46,38387.0,1,4844.0
1540,D_36,O_46,28129.3,1,989.0
1541,D_37,O_46,41433.7,1,7791.0
1542,D_38,O_46,23088.1,1,4578.0
1543,D_39,O_46,72886.2,1,306.0
1544,D_27,O_47,76514.9,1,1964.0
1545,D_29,O_47,64356.3,1,8601.0
1546,D_30,O_47,33947.9,1,6552.0
1547,D_32,O_47,59022.6,1,7503.0
1548,D_33,O_47,75970.5,1,8411.0
1549,D_34,O_47,88781.9,1,8317.0
1550,D_35,O_47,93791.6,1,4844.0
1551,D_36,O_47,103226.8,1,989.0
1552,D_37,O_47,97345.0,1,7791.0
1553,D_38,O_47,56192.8,1,4578.0
1554,D_39,O_47,3271.6,1,306.0
1555,D_27,O_48,111842.0,1,1964.0
1556,D_29,O_48,99683.4,1,8601.0
1557,D_30,O_48,69275.0,1,6552.0
1558,D_32,O_48,94349.7,1,7503.0
1559,D_33,O_48,111297.6,1,8411.0
1560,D_34,O_48,124109.0,1,8317.0
1561,D_35,O_48,126218.1,1,4844.0
1562,D_36,O_48,138553.9,1,989.0
1563,D_37,O_48,129464.7,1,7791.0
1564,D_38,O_48,91519.9,1,4578.0
1565,D_39,O_48,54432.2,1,306.0
1566,D_40,O_37,154647.4,1,5590.0
1567,D_43,O_37,141410.4,1,7939.0
1568,D_44,O_37,157351.2,1,7063.0
1569,D_46,O_37,143654.1,1,9363.0
1570,D_47,O_37,173228.3,1,3446.0
1571,D_48,O_37,28057.9,1,2833.0
1572,D_50,O_37,102891.2,1,6184.0
1573,D_51,O_37,138086.6,1,3939.0
1574,D_40,O_38,137672.7,1,5590.0
1575,D_43,O_38,135724.8,1,7939.0
1576,D_44,O_38,140376.5,1,7063.0
1577,D_46,O_38,137968.5,1,9363.0
1578,D_47,O_38,156253.6,1,3446.0
1579,D_48,O_38,41463.3,1,2833.0
1580,D_50,O_38,97205.6,1,6184.0
1581,D_51,O_38,127402.5,1,3939.0
1582,D_40,O_39,62317.3,1,5590.0
1583,D_43,O_39,42526.5,1,7939.0
1584,D_44,O_39,89411.7,1,7063.0
1585,D_46,O_39,44770.2,1,9363.0
1586,D_47,O_39,77534.2,1,3446.0
1587,D_48,O_39,72487.8,1,2833.0
1588,D_50,O_39,3261.1,1,6184.0
1589,D_51,O_39,53478.2,1,3939.0
1590,D_40,O_40,0.0,1,5590.0
1591,D_43,O_40,53514.5,1,7939.0
1592,D_44,O_40,46724.1,1,7063.0
1593,D_46,O_40,36911.7,1,9363.0
1594,D_47,O_40,38801.3,1,3446.0
1595,D_48,O_40,131199.5,1,2833.0
1596,D_50,O_40,66181.5,1,6184.0
1597,D_51,O_40,29265.0,1,3939.0
1598,D_41,O_41,49428.9,1,9682.0
1599,D_42,O_41,0.0,1,7149.0
1600,D_52,O_41,134096.0,1,3413.0
1601,D_40,O_42,53462.5,1,5590.0
1602,D_43,O_42,0.0,1,7939.0
1603,D_44,O_42,47025.0,1,7063.0
1604,D_46,O_42,26975.6,1,9363.0
1605,D_47,O_42,44295.6,1,3446.0
1606,D_48,O_42,114001.2,1,2833.0
1607,D_50,O_42,41979.2,1,6184.0
1608,D_51,O_42,77166.3,1,3939.0
1609,D_40,O_43,47080.8,1,5590.0
1610,D_43,O_43,57420.8,1,7939.0
1611,D_44,O_43,0.0,1,7063.0
1612,D_46,O_43,48629.2,1,9363.0
1613,D_47,O_43,15877.1,1,3446.0
1614,D_48,O_43,164907.6,1,2833.0
1615,D_50,O_43,92885.6,1,6184.0
1616,D_51,O_43,76153.5,1,3939.0
1617,D_40,O_44,36915.1,1,5590.0
1618,D_43,O_44,27138.9,1,7939.0
1619,D_44,O_44,48630.7,1,7063.0
1620,D_46,O_44,0.0,1,9363.0
1621,D_47,O_44,32764.0,1,3446.0
1622,D_48,O_44,116278.4,1,2833.0
1623,D_50,O_44,44256.4,1,6184.0
1624,D_51,O_44,50215.1,1,3939.0
1625,D_40,O_45,38798.0,1,5590.0
1626,D_43,O_45,44344.3,1,7939.0
1627,D_44,O_45,15879.1,1,7063.0
1628,D_46,O_45,32764.3,1,9363.0
1629,D_47,O_45,0.0,1,3446.0
1630,D_48,O_45,149042.7,1,2833.0
1631,D_50,O_45,77020.7,1,6184.0
1632,D_51,O_45,67891.3,1,3939.0
1633,D_40,O_46,129164.6,1,5590.0
1634,D_43,O_46,113352.5,1,7939.0
1635,D_44,O_46,160237.7,1,7063.0
1636,D_46,O_46,115596.2,1,9363.0
1637,D_47,O_46,148360.2,1,3446.0
1638,D_48,O_46,0.0,1,2833.0
1639,D_50,O_46,74833.3,1,6184.0
1640,D_51,O_46,110028.7,1,3939.0
1641,D_40,O_47,64348.6,1,5590.0
1642,D_43,O_47,41700.0,1,7939.0
1643,D_44,O_47,88585.2,1,7063.0
1644,D_46,O_47,43943.7,1,9363.0
1645,D_47,O_47,76707.7,1,3446.0
1646,D_48,O_47,75097.5,1,2833.0
1647,D_50,O_47,0.0,1,6184.0
1648,D_51,O_47,55509.5,1,3939.0
1649,D_40,O_48,29246.4,1,5590.0
1650,D_43,O_48,77325.7,1,7939.0
1651,D_44,O_48,75813.9,1,7063.0
1652,D_46,O_48,50194.0,1,9363.0
1653,D_47,O_48,67891.1,1,3446.0
1654,D_48,O_48,110424.6,1,2833.0
1655,D_50,O_48,55907.4,1,6184.0
1656,D_51,O_48,0.0,1,3939.0
1657,D_53,O_37,39590.1,1,4253.0
1658,D_54,O_37,124547.5,1,6798.0
1659,D_55,O_37,189702.4,1,2676.0
1660,D_56,O_37,160841.3,1,7462.0
1661,D_60,O_37,129463.1,1,2246.0
1662,D_61,O_37,159240.2,1,5139.0
1663,D_62,O_37,22230.1,1,9648.0
1664,D_63,O_37,121280.1,1,2973.0
1665,D_64,O_37,99270.9,1,3846.0
1666,D_65,O_37,127180.6,1,2841.0
1667,D_53,O_38,40833.9,1,4253.0
1668,D_54,O_38,118861.9,1,6798.0
1669,D_55,O_38,184016.8,1,2676.0
1670,D_56,O_38,155155.7,1,7462.0
1671,D_60,O_38,112488.4,1,2246.0
1672,D_61,O_38,153554.6,1,5139.0
1673,D_62,O_38,35635.5,1,9648.0
1674,D_63,O_38,115594.5,1,2973.0
1675,D_64,O_38,93585.3,1,3846.0
1676,D_65,O_38,121495.0,1,2841.0
1677,D_53,O_39,67264.1,1,4253.0
1678,D_54,O_39,25663.6,1,6798.0
1679,D_55,O_39,89601.7,1,2676.0
1680,D_56,O_39,61957.4,1,7462.0
1681,D_60,O_39,62221.4,1,2246.0
1682,D_61,O_39,60356.3,1,5139.0
1683,D_62,O_39,78821.6,1,9648.0
1684,D_63,O_39,36671.7,1,2973.0
1685,D_64,O_39,21592.8,1,3846.0
1686,D_65,O_39,42572.2,1,2841.0
1687,D_53,O_40,125975.8,1,4253.0
1688,D_54,O_40,55102.1,1,6798.0
1689,D_55,O_40,153454.5,1,2676.0
1690,D_56,O_40,23213.6,1,7462.0
1691,D_60,O_40,39970.4,1,2246.0
1692,D_61,O_40,57465.4,1,5139.0
1693,D_62,O_40,137533.3,1,9648.0
1694,D_63,O_40,61169.1,1,2973.0
1695,D_64,O_40,79902.9,1,3846.0
1696,D_65,O_40,67069.6,1,2841.0
1697,D_57,O_41,150062.8,1,4497.0
1698,D_58,O_41,139209.3,1,4524.0
1699,D_59,O_41,130006.5,1,3136.0
1700,D_53,O_42,108777.5,1,4253.0
1701,D_54,O_42,20689.3,1,6798.0
1702,D_55,O_42,129746.2,1,2676.0
1703,D_56,O_42,30250.3,1,7462.0
1704,D_60,O_42,88453.7,1,2246.0
1705,D_61,O_42,17969.6,1,5139.0
1706,D_62,O_42,120335.0,1,9648.0
1707,D_63,O_42,62896.3,1,2973.0
1708,D_64,O_42,63106.2,1,3846.0
1709,D_65,O_42,68796.8,1,2841.0
1710,D_53,O_43,159683.9,1,4253.0
1711,D_54,O_43,67806.7,1,6798.0
1712,D_55,O_43,180652.6,1,2676.0
1713,D_56,O_43,31450.7,1,7462.0
1714,D_60,O_43,84775.3,1,2246.0
1715,D_61,O_43,48553.7,1,5139.0
1716,D_62,O_43,169297.4,1,9648.0
1717,D_63,O_43,108057.6,1,2973.0
1718,D_64,O_43,114012.6,1,3846.0
1719,D_65,O_43,113958.1,1,2841.0
1720,D_53,O_44,111054.7,1,4253.0
1721,D_54,O_44,19177.5,1,6798.0
1722,D_55,O_44,132023.4,1,2676.0
1723,D_56,O_44,17187.2,1,7462.0
1724,D_60,O_44,62397.0,1,2246.0
1725,D_61,O_44,44968.7,1,5139.0
1726,D_62,O_44,122612.2,1,9648.0
1727,D_63,O_44,65173.5,1,2973.0
1728,D_64,O_44,65383.4,1,3846.0
1729,D_65,O_44,71074.0,1,2841.0
1730,D_53,O_45,143819.0,1,4253.0
1731,D_54,O_45,51941.8,1,6798.0
1732,D_55,O_45,164787.7,1,2676.0
1733,D_56,O_45,15585.8,1,7462.0
1734,D_60,O_45,78596.7,1,2246.0
1735,D_61,O_45,48295.2,1,5139.0
1736,D_62,O_45,155376.5,1,9648.0
1737,D_63,O_45,93424.3,1,2973.0
1738,D_64,O_45,98147.7,1,3846.0
1739,D_65,O_45,99324.8,1,2841.0
1740,D_53,O_46,18461.6,1,4253.0
1741,D_54,O_46,96489.6,1,6798.0
1742,D_55,O_46,161644.5,1,2676.0
1743,D_56,O_46,132783.4,1,7462.0
1744,D_60,O_46,118771.9,1,2246.0
1745,D_61,O_46,131182.3,1,5139.0
1746,D_62,O_46,6333.8,1,9648.0
1747,D_63,O_46,93222.2,1,2973.0
1748,D_64,O_46,71213.0,1,3846.0
1749,D_65,O_46,99122.7,1,2841.0
1750,D_53,O_47,69873.8,1,4253.0
1751,D_54,O_47,24837.1,1,6798.0
1752,D_55,O_47,88872.1,1,2676.0
1753,D_56,O_47,61130.9,1,7462.0
1754,D_60,O_47,64252.7,1,2246.0
1755,D_61,O_47,59529.8,1,5139.0
1756,D_62,O_47,81431.3,1,9648.0
1757,D_63,O_47,38703.0,1,2973.0
1758,D_64,O_47,24202.5,1,3846.0
1759,D_65,O_47,44603.5,1,2841.0
1760,D_53,O_48,105200.9,1,4253.0
1761,D_54,O_48,58990.7,1,6798.0
1762,D_55,O_48,143180.4,1,2676.0
1763,D_56,O_48,52303.4,1,7462.0
1764,D_60,O_48,14910.8,1,2246.0
1765,D_61,O_48,86555.2,1,5139.0
1766,D_62,O_48,116758.4,1,9648.0
1767,D_63,O_48,32201.8,1,2973.0
1768,D_64,O_48,54513.1,1,3846.0
1769,D_65,O_48,38102.3,1,2841.0
1770,D_66,O_37,63578.3,1,8502.0
1771,D_66,O_38,57892.7,1,8502.0
1772,D_66,O_39,47360.1,1,8502.0
1773,D_66,O_40,106071.8,1,8502.0
1774,D_66,O_42,88873.5,1,8502.0
1775,D_66,O_43,139779.9,1,8502.0
1776,D_66,O_44,91150.7,1,8502.0
1777,D_66,O_45,123915.0,1,8502.0
1778,D_66,O_46,35520.4,1,8502.0
1779,D_66,O_47,49969.8,1,8502.0
1780,D_66,O_48,85296.9,1,8502.0
1781,D_4,O_49,25846.4,1,5324.0
1782,D_8,O_49,28066.0,1,8821.0
1783,D_1,O_50,44436.2,1,9112.0
1784,D_2,O_50,27048.9,1,8692.0
1785,D_6,O_50,88866.6,1,2645.0
1786,D_7,O_50,126729.4,1,3844.0
1787,D_10,O_50,130944.9,1,5483.0
1788,D_11,O_50,69744.4,1,5681.0
1789,D_12,O_50,71106.0,1,8054.0
1790,D_13,O_50,140728.4,1,1452.0
1791,D_1,O_51,114410.2,1,9112.0
1792,D_2,O_51,67390.1,1,8692.0
1793,D_6,O_51,11397.1,1,2645.0
1794,D_7,O_51,39453.1,1,3844.0
1795,D_10,O_51,41872.6,1,5483.0
1796,D_11,O_51,59567.3,1,5681.0
1797,D_12,O_51,23236.9,1,8054.0
1798,D_13,O_51,97453.3,1,1452.0
1799,D_1,O_52,150728.9,1,9112.0
1800,D_2,O_52,103708.8,1,8692.0
1801,D_6,O_52,46237.5,1,2645.0
1802,D_7,O_52,35005.1,1,3844.0
1803,D_10,O_52,41359.0,1,5483.0
1804,D_11,O_52,95886.0,1,5681.0
1805,D_12,O_52,59555.6,1,8054.0
1806,D_13,O_52,65685.9,1,1452.0
1807,D_4,O_53,41415.0,1,5324.0
1808,D_8,O_53,43634.6,1,8821.0
1809,D_1,O_54,137589.4,1,9112.0
1810,D_2,O_54,90569.3,1,8692.0
1811,D_6,O_54,25755.9,1,2645.0
1812,D_7,O_54,24499.3,1,3844.0
1813,D_10,O_54,16891.7,1,5483.0
1814,D_11,O_54,82746.5,1,5681.0
1815,D_12,O_54,46416.1,1,8054.0
1816,D_13,O_54,83511.3,1,1452.0
1817,D_4,O_55,12099.0,1,5324.0
1818,D_8,O_55,20173.0,1,8821.0
1819,D_1,O_56,136403.7,1,9112.0
1820,D_2,O_56,89383.6,1,8692.0
1821,D_6,O_56,69183.9,1,2645.0
1822,D_7,O_56,98014.2,1,3844.0
1823,D_10,O_56,104368.1,1,5483.0
1824,D_11,O_56,81560.8,1,5681.0
1825,D_12,O_56,66097.9,1,8054.0
1826,D_13,O_56,52081.6,1,1452.0
1827,D_1,O_57,58549.1,1,9112.0
1828,D_2,O_57,38584.6,1,8692.0
1829,D_6,O_57,100402.3,1,2645.0
1830,D_7,O_57,138265.1,1,3844.0
1831,D_10,O_57,142480.6,1,5483.0
1832,D_11,O_57,81280.1,1,5681.0
1833,D_12,O_57,82641.7,1,8054.0
1834,D_13,O_57,134821.7,1,1452.0
1835,D_1,O_58,110903.8,1,9112.0
1836,D_2,O_58,63883.7,1,8692.0
1837,D_6,O_58,43675.5,1,2645.0
1838,D_7,O_58,81538.3,1,3844.0
1839,D_10,O_58,85753.8,1,5483.0
1840,D_11,O_58,56060.9,1,5681.0
1841,D_12,O_58,40598.0,1,8054.0
1842,D_13,O_58,81087.7,1,1452.0
1843,D_1,O_59,88334.4,1,9112.0
1844,D_2,O_59,41314.3,1,8692.0
1845,D_6,O_59,44361.8,1,2645.0
1846,D_7,O_59,82224.6,1,3844.0
1847,D_10,O_59,86440.1,1,5483.0
1848,D_11,O_59,19441.7,1,5681.0
1849,D_12,O_59,26601.2,1,8054.0
1850,D_13,O_59,103032.8,1,1452.0
1851,D_1,O_60,115139.2,1,9112.0
1852,D_2,O_60,80868.1,1,8692.0
1853,D_6,O_60,92138.4,1,2645.0
1854,D_7,O_60,130001.2,1,3844.0
1855,D_10,O_60,134216.7,1,5483.0
1856,D_11,O_60,47926.7,1,5681.0
1857,D_12,O_60,74377.8,1,8054.0
1858,D_13,O_60,108459.1,1,1452.0
1859,D_20,O_49,27039.8,1,485.0
1860,D_16,O_50,92272.8,1,3780.0
1861,D_17,O_50,97889.1,1,8806.0
1862,D_18,O_50,99673.0,1,3667.0
1863,D_19,O_50,135357.1,1,2140.0
1864,D_21,O_50,119600.9,1,9312.0
1865,D_22,O_50,46522.5,1,993.0
1866,D_23,O_50,68524.8,1,6363.0
1867,D_24,O_50,142311.6,1,9398.0
1868,D_25,O_50,123638.9,1,4480.0
1869,D_26,O_50,52517.1,1,5010.0
1870,D_16,O_51,123676.4,1,3780.0
1871,D_17,O_51,127744.5,1,8806.0
1872,D_18,O_51,28753.1,1,3667.0
1873,D_19,O_51,91806.5,1,2140.0
1874,D_21,O_51,37217.7,1,9312.0
1875,D_22,O_51,132183.3,1,993.0
1876,D_23,O_51,25511.5,1,6363.0
1877,D_24,O_51,98761.0,1,9398.0
1878,D_25,O_51,93590.4,1,4480.0
1879,D_26,O_51,122491.1,1,5010.0
1880,D_16,O_52,100745.6,1,3780.0
1881,D_17,O_52,104813.7,1,8806.0
1882,D_18,O_52,38393.6,1,3667.0
1883,D_19,O_52,128125.2,1,2140.0
1884,D_21,O_52,46648.6,1,9312.0
1885,D_22,O_52,168502.0,1,993.0
1886,D_23,O_52,61830.2,1,6363.0
1887,D_24,O_52,135079.7,1,9398.0
1888,D_25,O_52,129909.1,1,4480.0
1889,D_26,O_52,158809.8,1,5010.0
1890,D_20,O_53,42608.4,1,485.0
1891,D_16,O_54,132046.6,1,3780.0
1892,D_17,O_54,136114.7,1,8806.0
1893,D_18,O_54,54115.1,1,3667.0
1894,D_19,O_54,114985.7,1,2140.0
1895,D_21,O_54,12429.3,1,9312.0
1896,D_22,O_54,155362.5,1,993.0
1897,D_23,O_54,48690.7,1,6363.0
1898,D_24,O_54,121940.2,1,9398.0
1899,D_25,O_54,116769.6,1,4480.0
1900,D_26,O_54,145670.3,1,5010.0
1901,D_20,O_55,19146.8,1,485.0
1902,D_16,O_56,55062.3,1,3780.0
1903,D_17,O_56,59130.4,1,8806.0
1904,D_18,O_56,43566.3,1,3667.0
1905,D_19,O_56,130810.8,1,2140.0
1906,D_21,O_56,103849.1,1,9312.0
1907,D_22,O_56,130668.1,1,993.0
1908,D_23,O_56,63988.6,1,6363.0
1909,D_24,O_56,137765.3,1,9398.0
1910,D_25,O_56,76851.3,1,4480.0
1911,D_26,O_56,144484.6,1,5010.0
1912,D_16,O_57,86366.1,1,3780.0
1913,D_17,O_57,91982.4,1,8806.0
1914,D_18,O_57,111208.7,1,3667.0
1915,D_19,O_57,146892.8,1,2140.0
1916,D_21,O_57,131136.6,1,9312.0
1917,D_22,O_57,29224.3,1,993.0
1918,D_23,O_57,80060.5,1,6363.0
1919,D_24,O_57,153847.3,1,9398.0
1920,D_25,O_57,117954.4,1,4480.0
1921,D_26,O_57,66630.0,1,5010.0
1922,D_16,O_58,77994.5,1,3780.0
1923,D_17,O_58,82062.6,1,8806.0
1924,D_18,O_58,42664.7,1,3667.0
1925,D_19,O_58,105310.9,1,2140.0
1926,D_21,O_58,78340.7,1,9312.0
1927,D_22,O_58,128676.9,1,993.0
1928,D_23,O_58,38488.7,1,6363.0
1929,D_24,O_58,112265.4,1,9398.0
1930,D_25,O_58,46129.9,1,4480.0
1931,D_26,O_58,118984.7,1,5010.0
1932,D_16,O_59,103592.3,1,3780.0
1933,D_17,O_59,109208.6,1,8806.0
1934,D_18,O_59,53289.7,1,3667.0
1935,D_19,O_59,90852.3,1,2140.0
1936,D_21,O_59,75096.1,1,9312.0
1937,D_22,O_59,106107.5,1,993.0
1938,D_23,O_59,24020.0,1,6363.0
1939,D_24,O_59,97806.8,1,9398.0
1940,D_25,O_59,53912.4,1,4480.0
1941,D_26,O_59,96415.3,1,5010.0
1942,D_16,O_60,60003.5,1,3780.0
1943,D_17,O_60,65619.8,1,8806.0
1944,D_18,O_60,102944.8,1,3667.0
1945,D_19,O_60,138628.9,1,2140.0
1946,D_21,O_60,122872.7,1,9312.0
1947,D_22,O_60,84730.0,1,993.0
1948,D_23,O_60,71796.6,1,6363.0
1949,D_24,O_60,145583.4,1,9398.0
1950,D_25,O_60,43696.0,1,4480.0
1951,D_26,O_60,123220.1,1,5010.0
1952,D_28,O_49,20796.3,1,9367.0
1953,D_31,O_49,177573.6,1,9381.0
1954,D_27,O_50,31163.3,1,1964.0
1955,D_29,O_50,7743.8,1,8601.0
1956,D_30,O_50,39407.3,1,6552.0
1957,D_32,O_50,11583.0,1,7503.0
1958,D_33,O_50,24257.9,1,8411.0
1959,D_34,O_50,31748.6,1,8317.0
1960,D_35,O_50,36758.3,1,4844.0
1961,D_36,O_50,39611.2,1,989.0
1962,D_37,O_50,40311.7,1,7791.0
1963,D_38,O_50,17881.9,1,4578.0
1964,D_39,O_50,67680.0,1,306.0
1965,D_27,O_51,98560.1,1,1964.0
1966,D_29,O_51,86401.5,1,8601.0
1967,D_30,O_51,55993.1,1,6552.0
1968,D_32,O_51,81067.8,1,7503.0
1969,D_33,O_51,98015.7,1,8411.0
1970,D_34,O_51,110827.1,1,8317.0
1971,D_35,O_51,115836.8,1,4844.0
1972,D_36,O_51,125272.0,1,989.0
1973,D_37,O_51,119390.2,1,7791.0
1974,D_38,O_51,78238.0,1,4578.0
1975,D_39,O_51,26007.1,1,306.0
1976,D_27,O_52,134878.8,1,1964.0
1977,D_29,O_52,122720.2,1,8601.0
1978,D_30,O_52,92311.8,1,6552.0
1979,D_32,O_52,117386.5,1,7503.0
1980,D_33,O_52,134334.4,1,8411.0
1981,D_34,O_52,147145.8,1,8317.0
1982,D_35,O_52,152155.5,1,4844.0
1983,D_36,O_52,161590.7,1,989.0
1984,D_37,O_52,155708.9,1,7791.0
1985,D_38,O_52,114556.7,1,4578.0
1986,D_39,O_52,62325.8,1,306.0
1987,D_28,O_53,5356.3,1,9367.0
1988,D_31,O_53,193142.2,1,9381.0
1989,D_27,O_54,121739.3,1,1964.0
1990,D_29,O_54,109580.7,1,8601.0
1991,D_30,O_54,79172.3,1,6552.0
1992,D_32,O_54,104247.0,1,7503.0
1993,D_33,O_54,121194.9,1,8411.0
1994,D_34,O_54,134006.3,1,8317.0
1995,D_35,O_54,139016.0,1,4844.0
1996,D_36,O_54,148451.2,1,989.0
1997,D_37,O_54,142569.4,1,7791.0
1998,D_38,O_54,101417.2,1,4578.0
1999,D_39,O_54,49186.3,1,306.0
2000,D_28,O_55,44019.8,1,9367.0
2001,D_31,O_55,169680.6,1,9381.0
2002,D_27,O_56,120553.6,1,1964.0
2003,D_29,O_56,108395.0,1,8601.0
2004,D_30,O_56,77986.6,1,6552.0
2005,D_32,O_56,103061.3,1,7503.0
2006,D_33,O_56,120009.2,1,8411.0
2007,D_34,O_56,133615.3,1,8317.0
2008,D_35,O_56,111307.3,1,4844.0
2009,D_36,O_56,131491.7,1,989.0
2010,D_37,O_56,114553.9,1,7791.0
2011,D_38,O_56,100231.5,1,4578.0
2012,D_39,O_56,63143.8,1,306.0
2013,D_27,O_57,42699.0,1,1964.0
2014,D_29,O_57,17161.1,1,8601.0
2015,D_30,O_57,50943.0,1,6552.0
2016,D_32,O_57,23118.7,1,7503.0
2017,D_33,O_57,35793.6,1,8411.0
2018,D_34,O_57,42166.7,1,8317.0
2019,D_35,O_57,32570.7,1,4844.0
2020,D_36,O_57,22313.0,1,989.0
2021,D_37,O_57,35617.4,1,7791.0
2022,D_38,O_57,29417.6,1,4578.0
2023,D_39,O_57,79215.7,1,306.0
2024,D_27,O_58,95053.7,1,1964.0
2025,D_29,O_58,82895.1,1,8601.0
2026,D_30,O_58,52486.7,1,6552.0
2027,D_32,O_58,77561.4,1,7503.0
2028,D_33,O_58,94509.3,1,8411.0
2029,D_34,O_58,107320.7,1,8317.0
2030,D_35,O_58,112330.4,1,4844.0
2031,D_36,O_58,121765.6,1,989.0
2032,D_37,O_58,115883.8,1,7791.0
2033,D_38,O_58,74731.6,1,4578.0
2034,D_39,O_58,37643.9,1,306.0
2035,D_27,O_59,72484.3,1,1964.0
2036,D_29,O_59,60325.7,1,8601.0
2037,D_30,O_59,29917.3,1,6552.0
2038,D_32,O_59,54992.0,1,7503.0
2039,D_33,O_59,71939.9,1,8411.0
2040,D_34,O_59,84751.3,1,8317.0
2041,D_35,O_59,89761.0,1,4844.0
2042,D_36,O_59,99196.2,1,989.0
2043,D_37,O_59,93314.4,1,7791.0
2044,D_38,O_59,52162.2,1,4578.0
2045,D_39,O_59,23175.2,1,306.0
2046,D_27,O_60,99289.1,1,1964.0
2047,D_29,O_60,83394.7,1,8601.0
2048,D_30,O_60,69471.1,1,6552.0
2049,D_32,O_60,79612.0,1,7503.0
2050,D_33,O_60,95575.6,1,8411.0
2051,D_34,O_60,76172.7,1,8317.0
2052,D_35,O_60,65369.2,1,4844.0
2053,D_36,O_60,85553.6,1,989.0
2054,D_37,O_60,68615.8,1,7791.0
2055,D_38,O_60,86007.7,1,4578.0
2056,D_39,O_60,70951.8,1,306.0
2057,D_41,O_49,86597.4,1,9682.0
2058,D_42,O_49,134632.9,1,7149.0
2059,D_52,O_49,0.0,1,3413.0
2060,D_40,O_50,123958.4,1,5590.0
2061,D_43,O_50,108146.3,1,7939.0
2062,D_44,O_50,155031.5,1,7063.0
2063,D_46,O_50,110390.0,1,9363.0
2064,D_47,O_50,143154.0,1,3446.0
2065,D_48,O_50,18485.0,1,2833.0
2066,D_50,O_50,69627.1,1,6184.0
2067,D_51,O_50,104822.5,1,3939.0
2068,D_40,O_51,53038.5,1,5590.0
2069,D_43,O_51,20870.0,1,7939.0
2070,D_44,O_51,67755.2,1,7063.0
2071,D_46,O_51,19194.2,1,9363.0
2072,D_47,O_51,51958.2,1,3446.0
2073,D_48,O_51,97142.7,1,2833.0
2074,D_50,O_51,25120.7,1,6184.0
2075,D_51,O_51,58835.3,1,3939.0
2076,D_40,O_52,23212.2,1,5590.0
2077,D_43,O_52,30300.9,1,7939.0
2078,D_44,O_52,31454.4,1,7063.0
2079,D_46,O_52,17183.0,1,9363.0
2080,D_47,O_52,15587.7,1,3446.0
2081,D_48,O_52,133461.4,1,2833.0
2082,D_50,O_52,61439.4,1,6184.0
2083,D_51,O_52,52305.5,1,3939.0
2084,D_41,O_53,102166.0,1,9682.0
2085,D_42,O_53,150201.5,1,7149.0
2086,D_52,O_53,16357.3,1,3413.0
2087,D_40,O_54,59783.2,1,5590.0
2088,D_43,O_54,6538.3,1,7939.0
2089,D_44,O_54,52801.4,1,7063.0
2090,D_46,O_54,33296.3,1,9363.0
2091,D_47,O_54,50616.3,1,3446.0
2092,D_48,O_54,120321.9,1,2833.0
2093,D_50,O_54,48299.9,1,6184.0
2094,D_51,O_54,83487.0,1,3939.0
2095,D_41,O_55,78704.4,1,9682.0
2096,D_42,O_55,126739.9,1,7149.0
2097,D_52,O_55,27623.8,1,3413.0
2098,D_40,O_56,39952.1,1,5590.0
2099,D_43,O_56,88463.6,1,7939.0
2100,D_44,O_56,84790.2,1,7063.0
2101,D_46,O_56,62360.7,1,9363.0
2102,D_47,O_56,78596.8,1,3446.0
2103,D_48,O_56,119136.2,1,2833.0
2104,D_50,O_56,64619.0,1,6184.0
2105,D_51,O_56,14914.1,1,3939.0
2106,D_40,O_57,135494.1,1,5590.0
2107,D_43,O_57,119682.0,1,7939.0
2108,D_44,O_57,166567.2,1,7063.0
2109,D_46,O_57,121925.7,1,9363.0
2110,D_47,O_57,154689.7,1,3446.0
2111,D_48,O_57,6329.5,1,2833.0
2112,D_50,O_57,81162.8,1,6184.0
2113,D_51,O_57,116358.2,1,3939.0
2114,D_40,O_58,54229.5,1,5590.0
2115,D_43,O_58,62955.2,1,7939.0
2116,D_44,O_58,100177.3,1,7063.0
2117,D_46,O_58,65198.9,1,9363.0
2118,D_47,O_58,92254.5,1,3446.0
2119,D_48,O_58,93636.3,1,2833.0
2120,D_50,O_58,39119.1,1,6184.0
2121,D_51,O_58,32211.9,1,3939.0
2122,D_40,O_59,77575.1,1,5590.0
2123,D_43,O_59,63641.5,1,7939.0
2124,D_44,O_59,110526.7,1,7063.0
2125,D_46,O_59,65885.2,1,9363.0
2126,D_47,O_59,98649.2,1,3446.0
2127,D_48,O_59,71066.9,1,2833.0
2128,D_50,O_59,25122.3,1,6184.0
2129,D_51,O_59,54157.0,1,3939.0
2130,D_40,O_60,127230.2,1,5590.0
2131,D_43,O_60,111418.1,1,7939.0
2132,D_44,O_60,141167.7,1,7063.0
2133,D_46,O_60,113661.8,1,9363.0
2134,D_47,O_60,146425.8,1,3446.0
2135,D_48,O_60,94135.9,1,2833.0
2136,D_50,O_60,72898.9,1,6184.0
2137,D_51,O_60,108094.3,1,3939.0
2138,D_57,O_49,16840.7,1,4497.0
2139,D_58,O_49,5987.2,1,4524.0
2140,D_59,O_49,27553.5,1,3136.0
2141,D_53,O_50,0.0,1,4253.0
2142,D_54,O_50,91283.4,1,6798.0
2143,D_55,O_50,156438.3,1,2676.0
2144,D_56,O_50,127577.2,1,7462.0
2145,D_60,O_50,113565.7,1,2246.0
2146,D_61,O_50,125976.1,1,5139.0
2147,D_62,O_50,17523.6,1,9648.0
2148,D_63,O_50,88016.0,1,2973.0
2149,D_64,O_50,66006.8,1,3846.0
2150,D_65,O_50,93916.5,1,2841.0
2151,D_53,O_51,91919.0,1,4253.0
2152,D_54,O_51,0.0,1,6798.0
2153,D_55,O_51,112887.7,1,2676.0
2154,D_56,O_51,36381.4,1,7462.0
2155,D_60,O_51,71017.2,1,2246.0
2156,D_61,O_51,38699.8,1,5139.0
2157,D_62,O_51,103476.5,1,9648.0
2158,D_63,O_51,46037.8,1,2973.0
2159,D_64,O_51,46247.7,1,3846.0
2160,D_65,O_51,51938.3,1,2841.0
2161,D_53,O_52,128237.7,1,4253.0
2162,D_54,O_52,36360.5,1,6798.0
2163,D_55,O_52,149206.4,1,2676.0
2164,D_56,O_52,0.0,1,7462.0
2165,D_60,O_52,63010.9,1,2246.0
2166,D_61,O_52,34251.8,1,5139.0
2167,D_62,O_52,139795.2,1,9648.0
2168,D_63,O_52,77838.5,1,2973.0
2169,D_64,O_52,82566.4,1,3846.0
2170,D_65,O_52,83739.0,1,2841.0
2171,D_57,O_53,0.0,1,4497.0
2172,D_58,O_53,11565.9,1,4524.0
2173,D_59,O_53,40087.9,1,3136.0
2174,D_53,O_54,115098.2,1,4253.0
2175,D_54,O_54,27010.0,1,6798.0
2176,D_55,O_54,136066.9,1,2676.0
2177,D_56,O_54,36571.0,1,7462.0
2178,D_60,O_54,94774.4,1,2246.0
2179,D_61,O_54,24231.5,1,5139.0
2180,D_62,O_54,126655.7,1,9648.0
2181,D_63,O_54,69217.0,1,2973.0
2182,D_64,O_54,69426.9,1,3846.0
2183,D_65,O_54,75117.5,1,2841.0
2184,D_57,O_55,40064.2,1,4497.0
2185,D_58,O_55,29210.7,1,4524.0
2186,D_59,O_55,0.0,1,3136.0
2187,D_53,O_56,113912.5,1,4253.0
2188,D_54,O_56,71157.4,1,6798.0
2189,D_55,O_56,151892.0,1,2676.0
2190,D_56,O_56,63009.1,1,7462.0
2191,D_60,O_56,0.0,1,2246.0
2192,D_61,O_56,97260.9,1,5139.0
2193,D_62,O_56,125470.0,1,9648.0
2194,D_63,O_56,31077.3,1,2973.0
2195,D_64,O_56,63224.7,1,3846.0
2196,D_65,O_56,36977.8,1,2841.0
2197,D_53,O_57,17583.0,1,4253.0
2198,D_54,O_57,102819.1,1,6798.0
2199,D_55,O_57,167974.0,1,2676.0
2200,D_56,O_57,139112.9,1,7462.0
2201,D_60,O_57,125101.4,1,2246.0
2202,D_61,O_57,137511.8,1,5139.0
2203,D_62,O_57,0.0,1,9648.0
2204,D_63,O_57,99551.7,1,2973.0
2205,D_64,O_57,77542.5,1,3846.0
2206,D_65,O_57,105452.2,1,2841.0
2207,D_53,O_58,88412.6,1,4253.0
2208,D_54,O_58,46092.3,1,6798.0
2209,D_55,O_58,126392.1,1,2676.0
2210,D_56,O_58,76666.8,1,7462.0
2211,D_60,O_58,31192.0,1,2246.0
2212,D_61,O_58,80785.0,1,5139.0
2213,D_62,O_58,99970.1,1,9648.0
2214,D_63,O_58,0.0,1,2973.0
2215,D_64,O_58,37724.8,1,3846.0
2216,D_65,O_58,6256.4,1,2841.0
2217,D_53,O_59,65843.2,1,4253.0
2218,D_54,O_59,46778.6,1,6798.0
2219,D_55,O_59,111933.5,1,2676.0
2220,D_56,O_59,83072.4,1,7462.0
2221,D_60,O_59,62900.2,1,2246.0
2222,D_61,O_59,81471.3,1,5139.0
2223,D_62,O_59,77400.7,1,9648.0
2224,D_63,O_59,37350.5,1,2973.0
2225,D_64,O_59,0.0,1,3846.0
2226,D_65,O_59,43251.0,1,2841.0
2227,D_53,O_60,88912.2,1,4253.0
2228,D_54,O_60,94555.2,1,6798.0
2229,D_55,O_60,159710.1,1,2676.0
2230,D_56,O_60,130849.0,1,7462.0
2231,D_60,O_60,113279.6,1,2246.0
2232,D_61,O_60,129247.9,1,5139.0
2233,D_62,O_60,95654.8,1,9648.0
2234,D_63,O_60,91287.8,1,2973.0
2235,D_64,O_60,54267.9,1,3846.0
2236,D_65,O_60,82926.7,1,2841.0
2237,D_66,O_50,30314.2,1,8502.0
2238,D_66,O_51,72015.0,1,8502.0
2239,D_66,O_52,108333.7,1,8502.0
2240,D_66,O_54,95194.2,1,8502.0
2241,D_66,O_56,94008.5,1,8502.0
2242,D_66,O_57,41849.9,1,8502.0
2243,D_66,O_58,68508.6,1,8502.0
2244,D_66,O_59,45939.2,1,8502.0
2245,D_66,O_60,85493.0,1,8502.0
2246,D_1,O_61,116757.8,1,9112.0
2247,D_2,O_61,69737.7,1,8692.0
2248,D_6,O_61,49529.5,1,2645.0
2249,D_7,O_61,87392.3,1,3844.0
2250,D_10,O_61,91607.8,1,5483.0
2251,D_11,O_61,61914.9,1,5681.0
2252,D_12,O_61,46452.0,1,8054.0
2253,D_13,O_61,83215.4,1,1452.0
2254,D_1,O_62,52669.3,1,9112.0
2255,D_2,O_62,6119.1,1,8692.0
2256,D_6,O_62,68702.0,1,2645.0
2257,D_7,O_62,106564.8,1,3844.0
2258,D_10,O_62,110780.3,1,5483.0
2259,D_11,O_62,49579.8,1,5681.0
2260,D_12,O_62,50941.4,1,8054.0
2261,D_13,O_62,133533.7,1,1452.0
2262,D_9,O_63,32446.4,1,5688.0
2263,D_16,O_61,74817.7,1,3780.0
2264,D_17,O_61,78885.8,1,8806.0
2265,D_18,O_61,48518.7,1,3667.0
2266,D_19,O_61,111164.9,1,2140.0
2267,D_21,O_61,84194.7,1,9312.0
2268,D_22,O_61,134530.9,1,993.0
2269,D_23,O_61,44342.7,1,6363.0
2270,D_24,O_61,118119.4,1,9398.0
2271,D_25,O_61,40770.6,1,4480.0
2272,D_26,O_61,124838.7,1,5010.0
2273,D_16,O_62,109610.4,1,3780.0
2274,D_17,O_62,115226.7,1,8806.0
2275,D_18,O_62,79508.4,1,3667.0
2276,D_19,O_62,115192.5,1,2140.0
2277,D_21,O_62,99436.3,1,9312.0
2278,D_22,O_62,70442.4,1,993.0
2279,D_23,O_62,48360.2,1,6363.0
2280,D_24,O_62,122147.0,1,9398.0
2281,D_25,O_62,103474.3,1,4480.0
2282,D_26,O_62,54313.1,1,5010.0
2283,D_14,O_63,42621.3,1,2036.0
2284,D_15,O_63,40043.2,1,3990.0
2285,D_27,O_61,100907.7,1,1964.0
2286,D_29,O_61,88749.1,1,8601.0
2287,D_30,O_61,58340.7,1,6552.0
2288,D_32,O_61,83415.4,1,7503.0
2289,D_33,O_61,100363.3,1,8411.0
2290,D_34,O_61,113174.7,1,8317.0
2291,D_35,O_61,118184.4,1,4844.0
2292,D_36,O_61,127619.6,1,989.0
2293,D_37,O_61,121737.8,1,7791.0
2294,D_38,O_61,80585.6,1,4578.0
2295,D_39,O_61,43497.9,1,306.0
2296,D_27,O_62,36819.2,1,1964.0
2297,D_29,O_62,24660.6,1,8601.0
2298,D_30,O_62,19242.7,1,6552.0
2299,D_32,O_62,19326.9,1,7503.0
2300,D_33,O_62,36274.8,1,8411.0
2301,D_34,O_62,49086.2,1,8317.0
2302,D_35,O_62,54095.9,1,4844.0
2303,D_36,O_62,63531.1,1,989.0
2304,D_37,O_62,57649.3,1,7791.0
2305,D_38,O_62,16497.1,1,4578.0
2306,D_39,O_62,47515.4,1,306.0
2307,D_40,O_61,60083.5,1,5590.0
2308,D_43,O_61,68809.2,1,7939.0
2309,D_44,O_61,106031.3,1,7063.0
2310,D_46,O_61,71052.9,1,9363.0
2311,D_47,O_61,98108.5,1,3446.0
2312,D_48,O_61,99490.3,1,2833.0
2313,D_50,O_61,44973.1,1,6184.0
2314,D_51,O_61,38065.9,1,3939.0
2315,D_40,O_62,103793.8,1,5590.0
2316,D_43,O_62,87981.7,1,7939.0
2317,D_44,O_62,134866.9,1,7063.0
2318,D_46,O_62,90225.4,1,9363.0
2319,D_47,O_62,122989.4,1,3446.0
2320,D_48,O_62,35401.8,1,2833.0
2321,D_50,O_62,49462.5,1,6184.0
2322,D_51,O_62,84657.9,1,3939.0
2323,D_53,O_61,94266.6,1,4253.0
2324,D_54,O_61,51946.3,1,6798.0
2325,D_55,O_61,132246.1,1,2676.0
2326,D_56,O_61,82520.8,1,7462.0
2327,D_60,O_61,37185.8,1,2246.0
2328,D_61,O_61,86639.0,1,5139.0
2329,D_62,O_61,105824.1,1,9648.0
2330,D_63,O_61,6220.2,1,2973.0
2331,D_64,O_61,43578.8,1,3846.0
2332,D_65,O_61,0.0,1,2841.0
2333,D_53,O_62,30178.1,1,4253.0
2334,D_54,O_62,71118.8,1,6798.0
2335,D_55,O_62,136273.7,1,2676.0
2336,D_56,O_62,107412.6,1,7462.0
2337,D_60,O_62,93401.1,1,2246.0
2338,D_61,O_62,105811.5,1,5139.0
2339,D_62,O_62,41735.6,1,9648.0
2340,D_63,O_62,67851.4,1,2973.0
2341,D_64,O_62,45842.2,1,3846.0
2342,D_65,O_62,73751.9,1,2841.0
2343,D_66,O_61,74362.6,1,8502.0
2344,D_66,O_62,0.0,1,8502.0
2345,D_67,O_63,0.0,1,4750.0
