O_1,D_1,0.0
O_1,D_2,49473.3
O_1,D_6,112214.8
O_1,D_7,150623.7
O_1,D_10,154489.5
O_1,D_11,92143.9
O_1,D_12,94468.0
O_1,D_13,174800.2
O_2,D_1,49578.9
O_2,D_2,0.0
O_2,D_6,65295.5
O_2,D_7,103704.4
O_2,D_10,107570.2
O_2,D_11,45224.6
O_2,D_12,47548.7
O_2,D_13,129037.5
O_3,D_3,185077.6
O_3,D_5,38195.1
O_4,D_4,44250.2
O_4,D_8,37924.8
O_5,D_4,0.0
O_5,D_8,11061.0
O_6,D_1,104566.5
O_6,D_2,57548.4
O_6,D_6,7308.7
O_6,D_7,45717.6
O_6,D_10,49583.4
O_6,D_11,49750.9
O_6,D_12,13565.7
O_6,D_13,103501.8
O_7,D_1,111878.7
O_7,D_2,64860.6
O_7,D_6,0.0
O_7,D_7,38605.6
O_7,D_10,42471.4
O_7,D_11,57063.1
O_7,D_12,20877.9
O_7,D_13,96389.8
O_8,D_1,150114.4
O_8,D_2,103096.3
O_8,D_6,38439.4
O_8,D_7,0.0
O_8,D_10,14536.5
O_8,D_11,95298.8
O_8,D_12,59113.6
O_8,D_13,59667.1
O_9,D_4,11799.9
O_9,D_8,0.0
O_10,D_9,0.0
O_11,D_1,154122.5
O_11,D_2,107104.4
O_11,D_6,42447.5
O_11,D_7,14622.9
O_11,D_10,0.0
O_11,D_11,99306.9
O_11,D_12,63121.7
O_11,D_13,70675.5
O_12,D_1,92436.5
O_12,D_2,45418.4
O_12,D_6,57662.7
O_12,D_7,96071.6
O_12,D_10,99937.4
O_12,D_11,0.0
O_12,D_12,39915.9
O_12,D_13,121404.7
O_1,D_16,126565.3
O_1,D_17,132300.4
O_1,D_18,122029.4
O_1,D_19,157754.9
O_1,D_21,142958.5
O_1,D_22,87929.3
O_1,D_23,90970.1
O_1,D_24,164712.7
O_1,D_25,145897.5
O_1,D_26,8556.2
O_2,D_16,106410.8
O_2,D_17,112145.9
O_2,D_18,75110.1
O_2,D_19,110835.6
O_2,D_21,96039.2
O_2,D_22,67354.0
O_2,D_23,44050.8
O_2,D_24,117793.4
O_2,D_25,98978.2
O_2,D_26,57659.8
O_4,D_20,35844.7
O_5,D_20,9713.9
O_6,D_16,113971.0
O_6,D_17,118044.8
O_6,D_18,33602.5
O_6,D_19,82068.2
O_6,D_21,41956.4
O_6,D_22,122341.6
O_6,D_23,15811.2
O_6,D_24,89026.0
O_6,D_25,83974.4
O_6,D_26,112647.4
O_7,D_16,121283.2
O_7,D_17,125357.0
O_7,D_18,35301.4
O_7,D_19,89380.4
O_7,D_21,34844.4
O_7,D_22,129653.8
O_7,D_23,23123.4
O_7,D_24,96338.2
O_7,D_25,91286.6
O_7,D_26,119959.6
O_8,D_16,108182.6
O_8,D_17,112256.4
O_8,D_18,66805.4
O_8,D_19,127616.1
O_8,D_21,36265.8
O_8,D_22,167889.5
O_8,D_23,61359.1
O_8,D_24,134573.9
O_8,D_25,129522.3
O_8,D_26,158195.3
O_9,D_20,3903.4
O_10,D_14,19579.6
O_10,D_15,26847.2
O_11,D_16,119191.0
O_11,D_17,123264.8
O_11,D_18,70902.0
O_11,D_19,131624.2
O_11,D_21,27484.9
O_11,D_22,171897.6
O_11,D_23,65367.2
O_11,D_24,138582.0
O_11,D_25,133530.4
O_11,D_26,162203.4
O_12,D_16,97413.1
O_12,D_17,103148.2
O_12,D_18,67477.3
O_12,D_19,103202.8
O_12,D_21,88406.4
O_12,D_22,110211.6
O_12,D_23,36418.0
O_12,D_24,110160.6
O_12,D_25,71138.0
O_12,D_26,100517.4
O_1,D_27,18566.0
O_1,D_29,42147.5
O_1,D_30,61831.7
O_1,D_32,37375.8
O_1,D_33,33529.4
O_1,D_34,66152.3
O_1,D_35,71162.0
O_1,D_36,81018.0
O_1,D_37,74715.4
O_1,D_38,40306.3
O_1,D_39,90417.8
O_2,D_27,33728.8
O_2,D_29,21572.2
O_2,D_30,14912.4
O_2,D_32,16238.5
O_2,D_33,33186.4
O_2,D_34,45997.8
O_2,D_35,51007.5
O_2,D_36,60442.7
O_2,D_37,54560.9
O_2,D_38,13408.7
O_2,D_39,43498.5
O_4,D_28,78531.1
O_4,D_31,121710.0
O_5,D_28,43140.1
O_5,D_31,163013.7
O_6,D_27,88716.4
O_6,D_29,76559.8
O_6,D_30,46151.4
O_6,D_32,71226.1
O_6,D_33,88174.0
O_6,D_34,100985.4
O_6,D_35,105995.1
O_6,D_36,115430.3
O_6,D_37,109548.5
O_6,D_38,68396.3
O_6,D_39,16435.6
O_7,D_27,96028.6
O_7,D_29,83872.0
O_7,D_30,53463.6
O_7,D_32,78538.3
O_7,D_33,95486.2
O_7,D_34,108297.6
O_7,D_35,113307.3
O_7,D_36,122742.5
O_7,D_37,116860.7
O_7,D_38,75708.5
O_7,D_39,23747.8
O_8,D_27,134264.3
O_8,D_29,122107.7
O_8,D_30,91699.3
O_8,D_32,116774.0
O_8,D_33,133721.9
O_8,D_34,146533.3
O_8,D_35,151543.0
O_8,D_36,160978.2
O_8,D_37,155096.4
O_8,D_38,113944.2
O_8,D_39,61983.5
O_9,D_28,46080.8
O_9,D_31,157149.0
O_11,D_27,138272.4
O_11,D_29,126115.8
O_11,D_30,95707.4
O_11,D_32,120782.1
O_11,D_33,137730.0
O_11,D_34,150541.4
O_11,D_35,155551.1
O_11,D_36,164986.3
O_11,D_37,159104.5
O_11,D_38,117952.3
O_11,D_39,65991.6
O_12,D_27,76586.4
O_12,D_29,64429.8
O_12,D_30,34021.4
O_12,D_32,59096.1
O_12,D_33,76044.0
O_12,D_34,75711.3
O_12,D_35,93865.1
O_12,D_36,103300.3
O_12,D_37,97418.5
O_12,D_38,56266.3
O_12,D_39,35865.7
O_1,D_40,146314.9
O_1,D_43,131593.8
O_1,D_44,178555.7
O_1,D_46,133738.2
O_1,D_47,166502.2
O_1,D_48,52888.7
O_1,D_50,92554.0
O_1,D_51,127081.0
O_2,D_40,99395.6
O_2,D_43,84674.5
O_2,D_44,131636.4
O_2,D_46,86818.9
O_2,D_47,119582.9
O_2,D_48,32313.4
O_2,D_50,45634.7
O_2,D_51,80161.7
O_3,D_45,125279.1
O_3,D_49,8574.3
O_4,D_41,57801.7
O_4,D_42,92148.5
O_4,D_52,60924.4
O_5,D_41,99105.4
O_5,D_42,133452.2
O_5,D_52,25533.4
O_6,D_40,57888.0
O_6,D_43,26687.7
O_6,D_44,73649.6
O_6,D_46,28832.1
O_6,D_47,61596.1
O_6,D_48,87301.0
O_6,D_50,15411.0
O_6,D_51,52761.5
O_7,D_40,59586.9
O_7,D_43,19575.7
O_7,D_44,66537.6
O_7,D_46,30531.0
O_7,D_47,60329.5
O_7,D_48,94613.2
O_7,D_50,22723.2
O_7,D_51,60073.7
O_8,D_40,57785.5
O_8,D_43,19032.4
O_8,D_44,35627.5
O_8,D_46,45986.7
O_8,D_47,48618.6
O_8,D_48,132848.9
O_8,D_50,60958.9
O_8,D_51,86878.8
O_9,D_41,93240.7
O_9,D_42,127587.5
O_9,D_52,28474.1
O_11,D_40,64571.4
O_11,D_43,23230.0
O_11,D_44,47609.8
O_11,D_46,50083.3
O_11,D_47,55404.5
O_11,D_48,136857.0
O_11,D_50,64967.0
O_11,D_51,93664.7
O_12,D_40,91762.8
O_12,D_43,77041.7
O_12,D_44,124003.6
O_12,D_46,79186.1
O_12,D_47,111950.1
O_12,D_48,75171.0
O_12,D_50,38001.9
O_12,D_51,72528.9
O_1,D_53,43754.2
O_1,D_54,114631.6
O_1,D_55,178486.2
O_1,D_56,150925.4
O_1,D_60,135824.2
O_1,D_61,149579.5
O_1,D_62,59222.5
O_1,D_63,110274.5
O_1,D_64,88394.4
O_1,D_65,116175.0
O_2,D_53,27089.7
O_2,D_54,67712.3
O_2,D_55,131566.9
O_2,D_56,104006.1
O_2,D_60,88904.9
O_2,D_61,102660.2
O_2,D_62,38647.2
O_2,D_63,63355.2
O_2,D_64,41475.1
O_2,D_65,69255.7
O_4,D_57,74575.5
O_4,D_58,64591.6
O_4,D_59,56960.9
O_5,D_57,39184.5
O_5,D_58,29200.6
O_5,D_59,15550.0
O_6,D_53,82077.3
O_6,D_54,9725.5
O_6,D_55,102799.5
O_6,D_56,46019.3
O_6,D_60,61910.0
O_6,D_61,44673.4
O_6,D_62,93634.8
O_6,D_63,36352.6
O_6,D_64,36452.2
O_6,D_65,42253.1
O_7,D_53,89389.5
O_7,D_54,11424.4
O_7,D_55,110111.7
O_7,D_56,46284.2
O_7,D_60,69222.2
O_7,D_61,37561.4
O_7,D_62,100947.0
O_7,D_63,43664.8
O_7,D_64,43764.4
O_7,D_65,49565.3
O_8,D_53,127625.2
O_8,D_54,39700.4
O_8,D_55,148347.4
O_8,D_56,34573.3
O_8,D_60,97584.2
O_8,D_61,4047.6
O_8,D_62,139182.7
O_8,D_63,81900.5
O_8,D_64,82000.1
O_8,D_65,87801.0
O_9,D_57,42125.2
O_9,D_58,32141.3
O_9,D_59,24510.6
O_11,D_53,131633.3
O_11,D_54,43797.0
O_11,D_55,152355.5
O_11,D_56,41359.2
O_11,D_60,104370.1
O_11,D_61,11403.3
O_11,D_62,143190.8
O_11,D_63,85908.6
O_11,D_64,86008.2
O_11,D_65,91809.1
O_12,D_53,69947.3
O_12,D_54,60079.5
O_12,D_55,123934.1
O_12,D_56,96373.3
O_12,D_60,81272.1
O_12,D_61,95027.4
O_12,D_62,81504.8
O_12,D_63,55722.4
O_12,D_64,19580.1
O_12,D_65,61622.9
O_1,D_66,52738.6
O_2,D_66,6251.2
O_6,D_66,62173.3
O_7,D_66,69485.5
O_8,D_66,107721.2
O_10,D_67,31592.2
O_11,D_66,111729.3
O_12,D_66,50043.3
O_13,D_1,93729.7
O_13,D_2,46711.6
O_13,D_6,20827.4
O_13,D_7,59236.3
O_13,D_10,63102.1
O_13,D_11,38914.1
O_13,D_12,0.0
O_13,D_13,105778.5
O_14,D_1,176733.8
O_14,D_2,129342.3
O_14,D_6,97731.2
O_14,D_7,61244.6
O_14,D_10,71663.0
O_14,D_11,121544.8
O_14,D_12,107223.7
O_14,D_13,0.0
O_15,D_9,19412.7
O_16,D_9,26844.7
O_17,D_1,129186.8
O_17,D_2,109224.3
O_17,D_6,121339.3
O_17,D_7,109965.8
O_17,D_10,120384.2
O_17,D_11,100627.4
O_17,D_12,119224.1
O_17,D_13,50269.2
O_18,D_1,122008.2
O_18,D_2,74990.1
O_18,D_6,35290.4
O_18,D_7,67105.5
O_18,D_10,71061.8
O_18,D_11,67192.6
O_18,D_12,42238.0
O_18,D_13,72377.7
O_19,D_1,158079.3
O_19,D_2,111061.2
O_19,D_6,89772.8
O_19,D_7,128181.7
O_19,D_10,132047.5
O_19,D_11,103263.7
O_19,D_12,71445.7
O_19,D_13,170710.3
O_20,D_4,9905.7
O_20,D_8,3546.4
O_21,D_4,86879.3
O_21,D_8,80553.9
O_22,D_1,176974.0
O_22,D_2,129955.9
O_22,D_6,108667.5
O_22,D_7,147076.4
O_22,D_10,150942.2
O_22,D_11,122158.4
O_22,D_12,90340.4
O_22,D_13,189605.0
O_23,D_1,143109.6
O_23,D_2,96091.5
O_23,D_6,34864.8
O_23,D_7,36369.3
O_23,D_10,26664.1
O_23,D_11,88294.0
O_23,D_12,50286.4
O_23,D_13,94316.2
O_24,D_3,20832.7
O_24,D_5,161652.9
O_13,D_16,117714.6
O_13,D_17,121788.4
O_13,D_18,41521.0
O_13,D_19,70691.5
O_13,D_21,49522.7
O_13,D_22,111504.8
O_13,D_23,4424.7
O_13,D_24,77649.3
O_13,D_25,75719.2
O_13,D_26,101810.6
O_14,D_16,49930.8
O_14,D_17,54004.6
O_14,D_18,74499.5
O_14,D_19,170982.2
O_14,D_21,95452.3
O_14,D_22,125577.1
O_14,D_23,104197.4
O_14,D_24,177940.0
O_14,D_25,108818.6
O_14,D_26,184814.7
O_15,D_14,0.0
O_15,D_15,9821.6
O_16,D_14,10235.4
O_16,D_15,0.0
O_17,D_16,0.0
O_17,D_17,8420.1
O_17,D_18,98616.2
O_17,D_19,182982.6
O_17,D_21,144173.5
O_17,D_22,78030.1
O_17,D_23,116197.8
O_17,D_24,189940.4
O_17,D_25,83807.4
O_17,D_26,137267.7
O_18,D_16,98591.9
O_18,D_17,102665.7
O_18,D_18,0.0
O_18,D_19,105996.5
O_18,D_21,64370.4
O_18,D_22,139783.3
O_18,D_23,39211.7
O_18,D_24,112954.3
O_18,D_25,88401.1
O_18,D_26,130089.1
O_19,D_16,182646.4
O_19,D_17,186720.2
O_19,D_18,106452.8
O_19,D_19,0.0
O_19,D_21,120516.5
O_19,D_22,175854.4
O_19,D_23,67959.2
O_19,D_24,8617.2
O_19,D_25,140651.0
O_19,D_26,166160.2
O_20,D_20,0.0
O_21,D_20,78473.8
O_22,D_16,201541.1
O_22,D_17,205614.9
O_22,D_18,125347.5
O_22,D_19,20433.4
O_22,D_21,139411.2
O_22,D_22,194749.1
O_22,D_23,86853.9
O_22,D_24,13329.6
O_22,D_25,159545.7
O_22,D_26,185054.9
O_23,D_16,142831.7
O_23,D_17,146905.5
O_23,D_18,64244.2
O_23,D_19,120611.3
O_23,D_21,0.0
O_23,D_22,160884.7
O_23,D_23,54354.3
O_23,D_24,127569.1
O_23,D_25,125947.7
O_23,D_26,151190.5
O_13,D_27,77879.6
O_13,D_29,65723.0
O_13,D_30,35314.6
O_13,D_32,60389.3
O_13,D_33,77337.2
O_13,D_34,90148.6
O_13,D_35,95158.3
O_13,D_36,104593.5
O_13,D_37,98711.7
O_13,D_38,57559.5
O_13,D_39,5534.9
O_14,D_27,160883.7
O_14,D_29,136185.3
O_14,D_30,117945.3
O_14,D_32,141305.4
O_14,D_33,153980.3
O_14,D_34,128524.3
O_14,D_35,106216.3
O_14,D_36,126400.7
O_14,D_37,109462.9
O_14,D_38,140190.2
O_14,D_39,103645.1
O_17,D_27,113336.7
O_17,D_29,88638.3
O_17,D_30,129945.7
O_17,D_32,93758.4
O_17,D_33,106433.3
O_17,D_34,80977.3
O_17,D_35,58669.3
O_17,D_36,78853.7
O_17,D_37,61915.9
O_17,D_38,100057.3
O_17,D_39,115645.5
O_18,D_27,106158.1
O_18,D_29,94001.5
O_18,D_30,63593.1
O_18,D_32,88667.8
O_18,D_33,105615.7
O_18,D_34,118427.1
O_18,D_35,123436.8
O_18,D_36,132872.0
O_18,D_37,126990.2
O_18,D_38,85838.0
O_18,D_39,38659.4
O_19,D_27,142229.2
O_19,D_29,130072.6
O_19,D_30,99664.2
O_19,D_32,124738.9
O_19,D_33,141686.8
O_19,D_34,154498.2
O_19,D_35,159507.9
O_19,D_36,168943.1
O_19,D_37,163061.3
O_19,D_38,121909.1
O_19,D_39,69305.8
O_20,D_28,44186.6
O_20,D_31,154914.0
O_21,D_28,121160.2
O_21,D_31,75004.2
O_22,D_27,161123.9
O_22,D_29,148967.3
O_22,D_30,118558.9
O_22,D_32,143633.6
O_22,D_33,160581.5
O_22,D_34,173392.9
O_22,D_35,178402.6
O_22,D_36,187837.8
O_22,D_37,181956.0
O_22,D_38,140803.8
O_22,D_39,88200.5
O_23,D_27,127259.5
O_23,D_29,115102.9
O_23,D_30,84694.5
O_23,D_32,109769.2
O_23,D_33,126717.1
O_23,D_34,139528.5
O_23,D_35,144538.2
O_23,D_36,153973.4
O_23,D_37,148091.6
O_23,D_38,106939.4
O_23,D_39,54978.7
O_13,D_40,65806.5
O_13,D_43,40206.4
O_13,D_44,87168.3
O_13,D_46,42350.8
O_13,D_47,75114.8
O_13,D_48,76464.2
O_13,D_50,4034.3
O_13,D_51,56902.7
O_14,D_40,48840.2
O_14,D_43,78324.2
O_14,D_44,34256.6
O_14,D_46,82885.8
O_14,D_47,50133.7
O_14,D_48,142329.7
O_14,D_50,105719.5
O_14,D_51,50180.6
O_17,D_40,80274.0
O_17,D_43,127045.4
O_17,D_44,82977.8
O_17,D_46,116439.8
O_17,D_47,98854.9
O_17,D_48,94782.7
O_17,D_50,117719.9
O_17,D_51,70003.8
O_18,D_40,24285.5
O_18,D_43,48075.6
O_18,D_44,69847.6
O_18,D_46,23374.7
O_18,D_47,53980.9
O_18,D_48,104742.7
O_18,D_50,40733.8
O_18,D_51,31401.0
O_19,D_40,130738.3
O_19,D_43,109151.8
O_19,D_44,156113.7
O_19,D_46,111296.2
O_19,D_47,144060.2
O_19,D_48,140813.8
O_19,D_50,68561.4
O_19,D_51,121834.5
O_20,D_41,91005.7
O_20,D_42,125352.5
O_20,D_52,26579.9
O_21,D_41,19084.8
O_21,D_42,32221.9
O_21,D_52,103553.5
O_22,D_40,149633.0
O_22,D_43,128046.5
O_22,D_44,175008.4
O_22,D_46,130190.9
O_22,D_47,162954.9
O_22,D_48,159708.5
O_22,D_50,87456.1
O_22,D_51,140729.2
O_23,D_40,69912.4
O_23,D_43,16572.2
O_23,D_44,64301.3
O_23,D_46,43425.5
O_23,D_47,60745.5
O_23,D_48,125844.1
O_23,D_50,53954.1
O_23,D_51,93616.0
O_24,D_45,101906.4
O_24,D_49,216649.7
O_13,D_53,71240.5
O_13,D_54,23244.2
O_13,D_55,91422.8
O_13,D_56,59538.0
O_13,D_60,65645.9
O_13,D_61,58192.1
O_13,D_62,82798.0
O_13,D_63,40096.2
O_13,D_64,25615.4
O_13,D_65,45996.7
O_14,D_53,142977.8
O_14,D_54,98992.2
O_14,D_55,191713.5
O_14,D_56,65707.3
O_14,D_60,51959.1
O_14,D_61,61446.9
O_14,D_62,136501.9
O_14,D_63,81076.9
O_14,D_64,103287.7
O_14,D_65,82994.8
O_17,D_53,95430.8
O_17,D_54,123756.1
O_17,D_55,203713.9
O_17,D_56,101072.4
O_17,D_60,55089.7
O_17,D_61,110168.1
O_17,D_62,88954.9
O_17,D_63,78030.0
O_17,D_64,106968.6
O_17,D_65,74911.6
O_18,D_53,99519.0
O_18,D_54,28696.9
O_18,D_55,126727.8
O_18,D_56,38404.1
O_18,D_60,43582.9
O_18,D_61,66061.3
O_18,D_62,111076.5
O_18,D_63,42627.1
O_18,D_64,53828.1
O_18,D_65,48527.6
O_19,D_53,135590.1
O_19,D_54,92189.6
O_19,D_55,22390.7
O_19,D_56,128483.4
O_19,D_60,130577.7
O_19,D_61,127137.5
O_19,D_62,147147.6
O_19,D_63,105028.0
O_19,D_64,89965.0
O_19,D_65,110928.5
O_20,D_57,40231.0
O_20,D_58,30247.1
O_20,D_59,22616.4
O_21,D_57,117204.6
O_21,D_58,107220.7
O_21,D_59,99590.0
O_22,D_53,154484.8
O_22,D_54,111084.3
O_22,D_55,2891.7
O_22,D_56,147378.1
O_22,D_60,149472.4
O_22,D_61,146032.2
O_22,D_62,166042.3
O_22,D_63,123922.7
O_22,D_64,108859.7
O_22,D_65,129823.2
O_23,D_53,120620.4
O_23,D_54,37139.2
O_23,D_55,141342.6
O_23,D_56,46700.2
O_23,D_60,103883.3
O_23,D_61,35044.0
O_23,D_62,132177.9
O_23,D_63,78325.9
O_23,D_64,74995.3
O_23,D_65,84226.4
O_13,D_66,51336.5
O_14,D_66,133967.2
O_15,D_67,40004.7
O_16,D_67,38330.6
O_17,D_66,112489.6
O_18,D_66,79615.0
O_19,D_66,115686.1
O_22,D_66,134580.8
O_23,D_66,100716.4
O_25,D_1,90829.5
O_25,D_2,43811.4
O_25,D_6,22879.9
O_25,D_7,61288.8
O_25,D_10,65154.6
O_25,D_11,36013.9
O_25,D_12,4552.8
O_25,D_13,103460.5
O_26,D_3,56653.7
O_26,D_5,96627.5
O_27,D_1,23408.5
O_27,D_2,72412.6
O_27,D_6,135154.1
O_27,D_7,173563.0
O_27,D_10,177428.8
O_27,D_11,115083.2
O_27,D_12,117407.3
O_27,D_13,197739.5
O_28,D_1,146038.8
O_28,D_2,99020.7
O_28,D_6,91279.6
O_28,D_7,129688.5
O_28,D_10,133554.3
O_28,D_11,71013.1
O_28,D_12,76902.1
O_28,D_13,110562.3
O_29,D_1,8544.3
O_29,D_2,57548.4
O_29,D_6,120289.9
O_29,D_7,158698.8
O_29,D_10,162564.6
O_29,D_11,100219.0
O_29,D_12,102543.1
O_29,D_13,182875.3
O_30,D_1,18546.4
O_30,D_2,33621.6
O_30,D_6,96363.1
O_30,D_7,134772.0
O_30,D_10,138637.8
O_30,D_11,76292.2
O_30,D_12,78616.3
O_30,D_13,159931.3
O_31,D_4,43145.9
O_31,D_8,45358.9
O_32,D_1,41483.3
O_32,D_2,21520.8
O_32,D_6,84262.3
O_32,D_7,122671.2
O_32,D_10,126537.0
O_32,D_11,64191.4
O_32,D_12,66515.5
O_32,D_13,134016.6
O_33,D_1,66388.9
O_33,D_2,19370.8
O_33,D_6,53900.2
O_33,D_7,92309.1
O_33,D_10,96174.9
O_33,D_11,33829.3
O_33,D_12,36153.4
O_33,D_13,117642.2
O_34,D_1,37169.4
O_34,D_2,17206.9
O_34,D_6,79948.4
O_34,D_7,118357.3
O_34,D_10,122223.1
O_34,D_11,59877.5
O_34,D_12,62201.6
O_34,D_13,138407.2
O_35,D_1,33587.8
O_35,D_2,32480.9
O_35,D_6,95222.4
O_35,D_7,133631.3
O_35,D_10,137497.1
O_35,D_11,75151.5
O_35,D_12,77475.6
O_35,D_13,151778.9
O_36,D_1,66031.8
O_36,D_2,46069.3
O_36,D_6,108810.8
O_36,D_7,147219.7
O_36,D_10,151085.5
O_36,D_11,75365.5
O_36,D_12,91064.0
O_36,D_13,126469.5
O_25,D_16,115396.6
O_25,D_17,119470.4
O_25,D_18,39203.0
O_25,D_19,67356.1
O_25,D_21,53623.6
O_25,D_22,108604.6
O_25,D_23,0.0
O_25,D_24,74313.9
O_25,D_25,73401.2
O_25,D_26,98910.4
O_27,D_16,149504.6
O_27,D_17,155239.7
O_27,D_18,144968.7
O_27,D_19,180694.2
O_27,D_21,165897.8
O_27,D_22,110868.6
O_27,D_23,113909.4
O_27,D_24,187652.0
O_27,D_25,168836.8
O_27,D_26,14899.0
O_28,D_16,82462.3
O_28,D_17,87753.1
O_28,D_18,88416.2
O_28,D_19,140660.6
O_28,D_21,125927.3
O_28,D_22,106869.7
O_28,D_23,73875.8
O_28,D_24,147618.4
O_28,D_25,0.0
O_28,D_26,154119.7
O_29,D_16,134640.4
O_29,D_17,140375.5
O_29,D_18,130104.5
O_29,D_19,165830.0
O_29,D_21,151033.6
O_29,D_22,96004.4
O_29,D_23,99045.2
O_29,D_24,172787.8
O_29,D_25,153972.6
O_29,D_26,0.0
O_30,D_16,111696.4
O_30,D_17,117431.5
O_30,D_18,106177.7
O_30,D_19,141903.2
O_30,D_21,127106.8
O_30,D_22,72639.6
O_30,D_23,75118.4
O_30,D_24,148861.0
O_30,D_25,130045.8
O_30,D_26,26627.3
O_31,D_20,44011.8
O_32,D_16,85781.7
O_32,D_17,91516.8
O_32,D_18,94076.9
O_32,D_19,129802.4
O_32,D_21,115006.0
O_32,D_22,45878.3
O_32,D_23,63017.6
O_32,D_24,136760.2
O_32,D_25,117945.0
O_32,D_26,49564.2
O_33,D_16,118616.4
O_33,D_17,124351.5
O_33,D_18,63714.8
O_33,D_19,99440.3
O_33,D_21,84643.9
O_33,D_22,84164.0
O_33,D_23,32655.5
O_33,D_24,106398.1
O_33,D_25,87582.9
O_33,D_26,74469.8
O_34,D_16,90172.3
O_34,D_17,95907.4
O_34,D_18,89763.0
O_34,D_19,125488.5
O_34,D_21,110692.1
O_34,D_22,51115.5
O_34,D_23,58703.7
O_34,D_24,132446.3
O_34,D_25,113631.1
O_34,D_26,45250.3
O_35,D_16,103544.0
O_35,D_17,109279.1
O_35,D_18,105037.0
O_35,D_19,140762.5
O_35,D_21,125966.1
O_35,D_22,64487.2
O_35,D_23,73977.7
O_35,D_24,147720.3
O_35,D_25,128905.1
O_35,D_26,41668.7
O_36,D_16,78234.6
O_36,D_17,83969.7
O_36,D_18,118625.4
O_36,D_19,154350.9
O_36,D_21,139554.5
O_36,D_22,51998.1
O_36,D_23,87566.1
O_36,D_24,161308.7
O_36,D_25,99206.7
O_36,D_26,74112.7
O_25,D_27,74979.4
O_25,D_29,62822.8
O_25,D_30,32414.4
O_25,D_32,57489.1
O_25,D_33,74437.0
O_25,D_34,87248.4
O_25,D_35,92258.1
O_25,D_36,101693.3
O_25,D_37,95811.5
O_25,D_38,54659.3
O_25,D_39,2056.0
O_27,D_27,41505.3
O_27,D_29,65086.8
O_27,D_30,84771.0
O_27,D_32,60315.1
O_27,D_33,56468.7
O_27,D_34,89091.6
O_27,D_35,94101.3
O_27,D_36,103957.3
O_27,D_37,97654.7
O_27,D_38,63245.6
O_27,D_39,113357.1
O_28,D_27,130188.7
O_28,D_29,118032.1
O_28,D_30,87623.7
O_28,D_32,112698.4
O_28,D_33,129646.3
O_28,D_34,99137.5
O_28,D_35,87508.9
O_28,D_36,107693.3
O_28,D_37,90755.5
O_28,D_38,109868.6
O_28,D_39,73323.5
O_29,D_27,26641.1
O_29,D_29,50222.6
O_29,D_30,69906.8
O_29,D_32,45450.9
O_29,D_33,41604.5
O_29,D_34,74227.4
O_29,D_35,79237.1
O_29,D_36,89093.1
O_29,D_37,82790.5
O_29,D_38,48381.4
O_29,D_39,98492.9
O_30,D_27,0.0
O_30,D_29,26857.8
O_30,D_30,45980.0
O_30,D_32,21524.1
O_30,D_33,16682.6
O_30,D_34,51283.4
O_30,D_35,56293.1
O_30,D_36,65728.3
O_30,D_37,59846.5
O_30,D_38,24454.6
O_30,D_39,74566.1
O_31,D_28,0.0
O_31,D_31,197311.6
O_32,D_27,25633.2
O_32,D_29,0.0
O_32,D_30,33879.2
O_32,D_32,6054.9
O_32,D_33,18729.8
O_32,D_34,25368.7
O_32,D_35,30378.4
O_32,D_36,38967.0
O_32,D_37,33931.8
O_32,D_38,12353.8
O_32,D_39,62465.3
O_33,D_27,50538.8
O_33,D_29,38382.2
O_33,D_30,0.0
O_33,D_32,33048.5
O_33,D_33,49996.4
O_33,D_34,62807.8
O_33,D_35,67817.5
O_33,D_36,77252.7
O_33,D_37,71370.9
O_33,D_38,30218.7
O_33,D_39,32103.2
O_34,D_27,21319.3
O_34,D_29,5333.7
O_34,D_30,29565.3
O_34,D_32,0.0
O_34,D_33,17618.2
O_34,D_34,29759.3
O_34,D_35,34769.0
O_34,D_36,44204.2
O_34,D_37,38322.4
O_34,D_38,8039.9
O_34,D_39,58151.4
O_35,D_27,16737.1
O_35,D_29,18705.4
O_35,D_30,44839.3
O_35,D_32,16955.0
O_35,D_33,0.0
O_35,D_34,43131.0
O_35,D_35,48140.7
O_35,D_36,57575.9
O_35,D_37,51694.1
O_35,D_38,23313.9
O_35,D_39,73425.4
O_36,D_27,50181.7
O_36,D_29,25483.3
O_36,D_30,58427.7
O_36,D_32,30603.4
O_36,D_33,43278.3
O_36,D_34,0.0
O_36,D_35,22831.3
O_36,D_36,47472.8
O_36,D_37,26384.7
O_36,D_38,36902.3
O_36,D_39,87013.8
O_25,D_40,63488.5
O_25,D_43,42258.9
O_25,D_44,89220.8
O_25,D_46,44403.3
O_25,D_47,77167.3
O_25,D_48,73564.0
O_25,D_50,2077.3
O_25,D_51,54584.7
O_26,D_45,35851.1
O_26,D_49,151624.3
O_27,D_40,169254.2
O_27,D_43,154533.1
O_27,D_44,201495.0
O_27,D_46,156677.5
O_27,D_47,189441.5
O_27,D_48,75828.0
O_27,D_50,115493.3
O_27,D_51,150020.3
O_28,D_40,99975.2
O_28,D_43,110658.6
O_28,D_44,143270.9
O_28,D_46,112803.0
O_28,D_47,145567.0
O_28,D_48,128773.3
O_28,D_50,75397.9
O_28,D_51,77963.4
O_29,D_40,154390.0
O_29,D_43,139668.9
O_29,D_44,186630.8
O_29,D_46,141813.3
O_29,D_47,174577.3
O_29,D_48,60963.8
O_29,D_50,100629.1
O_29,D_51,135156.1
O_30,D_40,130463.2
O_30,D_43,115742.1
O_30,D_44,162704.0
O_30,D_46,117886.5
O_30,D_47,150650.5
O_30,D_48,37599.0
O_30,D_50,76702.3
O_30,D_51,111229.3
O_31,D_41,133403.3
O_31,D_42,167750.1
O_31,D_52,18050.5
O_32,D_40,118362.4
O_32,D_43,103641.3
O_32,D_44,150603.2
O_32,D_46,105785.7
O_32,D_47,138549.7
O_32,D_48,10837.7
O_32,D_50,64601.5
O_32,D_51,99128.5
O_33,D_40,88000.3
O_33,D_43,73279.2
O_33,D_44,120241.1
O_33,D_46,75423.6
O_33,D_47,108187.6
O_33,D_48,49123.4
O_33,D_50,34239.4
O_33,D_51,68766.4
O_34,D_40,114048.5
O_34,D_43,99327.4
O_34,D_44,146289.3
O_34,D_46,101471.8
O_34,D_47,134235.8
O_34,D_48,16074.9
O_34,D_50,60287.6
O_34,D_51,94814.6
O_35,D_40,129322.5
O_35,D_43,114601.4
O_35,D_44,161563.3
O_35,D_46,116745.8
O_35,D_47,149509.8
O_35,D_48,29446.6
O_35,D_50,75561.6
O_35,D_51,110088.6
O_36,D_40,142910.9
O_36,D_43,128189.8
O_36,D_44,159178.1
O_36,D_46,130334.2
O_36,D_47,163098.2
O_36,D_48,35962.7
O_36,D_50,89150.0
O_36,D_51,123677.0
O_25,D_53,68340.3
O_25,D_54,25296.7
O_25,D_55,88087.4
O_25,D_56,61590.5
O_25,D_60,63327.9
O_25,D_61,60244.6
O_25,D_62,79897.8
O_25,D_63,37778.2
O_25,D_64,22715.2
O_25,D_65,43678.7
O_27,D_53,66693.5
O_27,D_54,137570.9
O_27,D_55,201425.5
O_27,D_56,173864.7
O_27,D_60,158763.5
O_27,D_61,172518.8
O_27,D_62,82161.8
O_27,D_63,133213.8
O_27,D_64,111333.7
O_27,D_65,139114.3
O_28,D_53,123549.6
O_28,D_54,93696.4
O_28,D_55,161391.9
O_28,D_56,129990.2
O_28,D_60,77083.3
O_28,D_61,128644.3
O_28,D_62,117794.5
O_28,D_63,46117.7
O_28,D_64,53901.5
O_28,D_65,40717.7
O_29,D_53,51829.3
O_29,D_54,122706.7
O_29,D_55,186561.3
O_29,D_56,159000.5
O_29,D_60,143899.3
O_29,D_61,157654.6
O_29,D_62,67297.6
O_29,D_63,118349.6
O_29,D_64,96469.5
O_29,D_65,124250.1
O_30,D_53,32375.3
O_30,D_54,98779.9
O_30,D_55,162634.5
O_30,D_56,135073.7
O_30,D_60,119972.5
O_30,D_61,133727.8
O_30,D_62,43932.8
O_30,D_63,94422.8
O_30,D_64,72542.7
O_30,D_65,100323.3
O_31,D_57,4730.1
O_31,D_58,14849.1
O_31,D_59,42492.7
O_32,D_53,7727.3
O_32,D_54,86679.1
O_32,D_55,150533.7
O_32,D_56,122972.9
O_32,D_60,107871.7
O_32,D_61,121627.0
O_32,D_62,17171.5
O_32,D_63,82322.0
O_32,D_64,60441.9
O_32,D_65,88222.5
O_33,D_53,43899.7
O_33,D_54,56317.0
O_33,D_55,120171.6
O_33,D_56,92610.8
O_33,D_60,77509.6
O_33,D_61,91264.9
O_33,D_62,55457.2
O_33,D_63,51959.9
O_33,D_64,30079.8
O_33,D_65,57860.4
O_34,D_53,10851.2
O_34,D_54,82365.2
O_34,D_55,146219.8
O_34,D_56,118659.0
O_34,D_60,103557.8
O_34,D_61,117313.1
O_34,D_62,22408.7
O_34,D_63,78008.1
O_34,D_64,56128.0
O_34,D_65,83908.6
O_35,D_53,23784.0
O_35,D_54,97639.2
O_35,D_55,161493.8
O_35,D_56,133933.0
O_35,D_60,118831.8
O_35,D_61,132587.1
O_35,D_62,35780.4
O_35,D_63,93282.1
O_35,D_64,71402.0
O_35,D_65,99182.6
O_36,D_53,32275.8
O_36,D_54,111227.6
O_36,D_55,175082.2
O_36,D_56,147521.4
O_36,D_60,131290.0
O_36,D_61,146175.5
O_36,D_62,42296.5
O_36,D_63,106870.5
O_36,D_64,84990.4
O_36,D_65,112771.0
O_25,D_66,48436.3
O_27,D_66,72424.7
O_28,D_66,103645.6
O_29,D_66,57525.7
O_30,D_66,36886.9
O_32,D_66,24786.1
O_33,D_66,23995.7
O_34,D_66,20472.2
O_35,D_66,35746.2
O_36,D_66,49334.6
O_37,D_1,80275.5
O_37,D_2,60313.0
O_37,D_6,123054.5
O_37,D_7,161463.4
O_37,D_10,165329.2
O_37,D_11,102983.6
O_37,D_12,105307.7
O_37,D_13,124310.7
O_38,D_1,74589.9
O_38,D_2,54627.4
O_38,D_6,117368.9
O_38,D_7,155777.8
O_38,D_10,159643.6
O_38,D_11,97298.0
O_38,D_12,99622.1
O_38,D_13,107336.0
O_39,D_1,89611.2
O_39,D_2,42593.1
O_39,D_6,23233.8
O_39,D_7,61642.7
O_39,D_10,65508.5
O_39,D_11,34795.6
O_39,D_12,5366.1
O_39,D_13,102242.2
O_40,D_1,148413.4
O_40,D_2,101395.3
O_40,D_6,61695.6
O_40,D_7,57971.7
O_40,D_10,64557.8
O_40,D_11,93597.8
O_40,D_12,68643.2
O_40,D_13,48868.5
O_41,D_4,117199.4
O_41,D_8,110874.0
O_42,D_1,131250.8
O_42,D_2,84232.7
O_42,D_6,19575.8
O_42,D_7,19169.6
O_42,D_10,21295.7
O_42,D_11,76435.2
O_42,D_12,40250.0
O_42,D_13,76953.8
O_43,D_1,182016.6
O_43,D_2,134998.5
O_43,D_6,76913.6
O_43,D_7,45894.1
O_43,D_10,57566.3
O_43,D_11,127201.0
O_43,D_12,91015.8
O_43,D_13,34231.5
O_44,D_1,133387.4
O_44,D_2,86369.3
O_44,D_6,30532.8
O_44,D_7,46273.7
O_44,D_10,50230.0
O_44,D_11,78571.8
O_44,D_12,42386.6
O_44,D_13,82862.2
O_45,D_1,166151.7
O_45,D_2,119133.6
O_45,D_6,60280.8
O_45,D_7,48801.5
O_45,D_10,55387.6
O_45,D_11,111336.1
O_45,D_12,75150.9
O_45,D_13,50110.6
O_46,D_1,52217.6
O_46,D_2,32255.1
O_46,D_6,94996.6
O_46,D_7,133405.5
O_46,D_10,137271.3
O_46,D_11,74925.7
O_46,D_12,77249.8
O_46,D_13,140306.1
O_47,D_1,92201.1
O_47,D_2,45183.0
O_47,D_6,22383.2
O_47,D_7,60792.1
O_47,D_10,64657.9
O_47,D_11,37385.5
O_47,D_12,4056.1
O_47,D_13,104249.9
O_48,D_1,127485.3
O_48,D_2,80467.2
O_48,D_6,60047.2
O_48,D_7,87061.5
O_48,D_10,93647.6
O_48,D_11,72669.7
O_48,D_12,58348.6
O_48,D_13,50162.0
O_37,D_16,76075.8
O_37,D_17,81810.9
O_37,D_18,132869.1
O_37,D_19,168594.6
O_37,D_21,153798.2
O_37,D_22,7335.8
O_37,D_23,101809.8
O_37,D_24,175552.4
O_37,D_25,107773.2
O_37,D_26,88356.4
O_38,D_16,59101.1
O_38,D_17,64836.2
O_38,D_18,127183.5
O_38,D_19,162909.0
O_38,D_21,148112.6
O_38,D_22,32653.5
O_38,D_23,96124.2
O_38,D_24,169866.8
O_38,D_25,90798.5
O_38,D_26,82670.8
O_39,D_16,114178.3
O_39,D_17,118252.1
O_39,D_18,37984.7
O_39,D_19,68461.0
O_39,D_21,53977.5
O_39,D_22,107386.3
O_39,D_23,1676.2
O_39,D_24,75418.8
O_39,D_25,72182.9
O_39,D_26,97692.1
O_40,D_16,79957.4
O_40,D_17,84031.2
O_40,D_18,26405.2
O_40,D_19,132401.7
O_40,D_21,69914.2
O_40,D_22,155603.7
O_40,D_23,65616.9
O_40,D_24,139359.5
O_40,D_25,106943.1
O_40,D_26,156494.3
O_41,D_20,108793.9
O_42,D_16,125469.3
O_42,D_17,129543.1
O_42,D_18,47941.8
O_42,D_19,108752.5
O_42,D_21,16592.1
O_42,D_22,149025.9
O_42,D_23,42495.5
O_42,D_24,115710.3
O_42,D_25,110658.7
O_42,D_26,139331.7
O_43,D_16,82747.0
O_43,D_17,86820.8
O_43,D_18,69839.2
O_43,D_19,159518.3
O_43,D_21,74740.0
O_43,D_22,158393.3
O_43,D_23,93261.3
O_43,D_24,166476.1
O_43,D_25,141634.8
O_43,D_26,190097.5
O_44,D_16,116096.2
O_44,D_17,120170.0
O_44,D_18,23373.4
O_44,D_19,110889.1
O_44,D_21,43538.6
O_44,D_22,151162.5
O_44,D_23,44632.1
O_44,D_24,117846.9
O_44,D_25,112795.3
O_44,D_26,141468.3
O_45,D_16,98626.1
O_45,D_17,102699.9
O_45,D_18,53974.3
O_45,D_19,143653.4
O_45,D_21,60744.0
O_45,D_22,174272.4
O_45,D_23,77396.4
O_45,D_24,150611.2
O_45,D_25,145559.6
O_45,D_26,174232.6
O_46,D_16,92071.2
O_46,D_17,97806.3
O_46,D_18,104811.2
O_46,D_19,140536.7
O_46,D_21,125740.3
O_46,D_22,35040.6
O_46,D_23,73751.9
O_46,D_24,147494.5
O_46,D_25,128679.3
O_46,D_26,60298.5
O_47,D_16,116186.0
O_47,D_17,120259.8
O_47,D_18,39992.4
O_47,D_19,67750.4
O_47,D_21,53126.9
O_47,D_22,109976.2
O_47,D_23,2041.7
O_47,D_24,74708.2
O_47,D_25,74190.6
O_47,D_26,100282.0
O_48,D_16,69953.3
O_48,D_17,74027.1
O_48,D_18,31399.9
O_48,D_19,122107.1
O_48,D_21,93725.5
O_48,D_22,145599.6
O_48,D_23,55322.3
O_48,D_24,129064.9
O_48,D_25,77975.8
O_48,D_26,135566.2
O_37,D_27,64425.4
O_37,D_29,38889.5
O_37,D_30,72671.4
O_37,D_32,44847.1
O_37,D_33,57522.0
O_37,D_34,47484.9
O_37,D_35,25065.7
O_37,D_36,0.0
O_37,D_37,28112.4
O_37,D_38,51146.0
O_37,D_39,101257.5
O_38,D_27,58739.8
O_38,D_29,34041.4
O_38,D_30,66985.8
O_38,D_32,39161.5
O_38,D_33,51836.4
O_38,D_34,26380.4
O_38,D_35,3961.2
O_38,D_36,28128.2
O_38,D_37,0.0
O_38,D_38,45460.4
O_38,D_39,95571.9
O_39,D_27,73761.1
O_39,D_29,61604.5
O_39,D_30,31196.1
O_39,D_32,56270.8
O_39,D_33,73218.7
O_39,D_34,86030.1
O_39,D_35,91039.8
O_39,D_36,100475.0
O_39,D_37,94593.2
O_39,D_38,53441.0
O_39,D_39,0.0
O_40,D_27,132563.3
O_40,D_29,120406.7
O_40,D_30,89998.3
O_40,D_32,115073.0
O_40,D_33,132020.9
O_40,D_34,144832.3
O_40,D_35,136242.9
O_40,D_36,156427.3
O_40,D_37,139489.5
O_40,D_38,112243.2
O_40,D_39,65064.6
O_41,D_28,151480.3
O_41,D_31,44286.4
O_42,D_27,115400.7
O_42,D_29,103244.1
O_42,D_30,72835.7
O_42,D_32,97910.4
O_42,D_33,114858.3
O_42,D_34,127669.7
O_42,D_35,132679.4
O_42,D_36,142114.6
O_42,D_37,136232.8
O_42,D_38,95080.6
O_42,D_39,43119.9
O_43,D_27,166166.5
O_43,D_29,154009.9
O_43,D_30,123601.5
O_43,D_32,148676.2
O_43,D_33,165624.1
O_43,D_34,161340.5
O_43,D_35,139032.5
O_43,D_36,159216.9
O_43,D_37,142279.1
O_43,D_38,145846.4
O_43,D_39,93885.7
O_44,D_27,117537.3
O_44,D_29,105380.7
O_44,D_30,74972.3
O_44,D_32,100047.0
O_44,D_33,116994.9
O_44,D_34,129806.3
O_44,D_35,134816.0
O_44,D_36,144251.2
O_44,D_37,138369.4
O_44,D_38,97217.2
O_44,D_39,45256.5
O_45,D_27,150301.6
O_45,D_29,138145.0
O_45,D_30,107736.6
O_45,D_32,132811.3
O_45,D_33,149759.2
O_45,D_34,162570.6
O_45,D_35,154911.6
O_45,D_36,175096.0
O_45,D_37,158158.2
O_45,D_38,129981.5
O_45,D_39,78020.8
O_46,D_27,36367.5
O_46,D_29,10831.6
O_46,D_30,44613.5
O_46,D_32,16789.2
O_46,D_33,29464.1
O_46,D_34,35837.2
O_46,D_35,38387.0
O_46,D_36,28129.3
O_46,D_37,41433.7
O_46,D_38,23088.1
O_46,D_39,73199.6
O_47,D_27,76351.0
O_47,D_29,64194.4
O_47,D_30,33786.0
O_47,D_32,58860.7
O_47,D_33,75808.6
O_47,D_34,88620.0
O_47,D_35,93629.7
O_47,D_36,103064.9
O_47,D_37,97183.1
O_47,D_38,56030.9
O_47,D_39,3388.3
O_48,D_27,111635.2
O_48,D_29,99478.6
O_48,D_30,69070.2
O_48,D_32,94144.9
O_48,D_33,111092.8
O_48,D_34,123904.2
O_48,D_35,126238.8
O_48,D_36,138349.1
O_48,D_37,129485.4
O_48,D_38,91315.1
O_48,D_39,54770.0
O_37,D_40,154315.5
O_37,D_43,142433.5
O_37,D_44,157019.3
O_37,D_46,144577.9
O_37,D_47,172896.4
O_37,D_48,28057.9
O_37,D_50,103393.7
O_37,D_51,137920.7
O_38,D_40,137340.8
O_38,D_43,136747.9
O_38,D_44,140044.6
O_38,D_46,138892.3
O_38,D_47,155921.7
O_38,D_48,41463.3
O_38,D_50,97708.1
O_38,D_51,127070.6
O_39,D_40,62270.2
O_39,D_43,42612.8
O_39,D_44,89574.7
O_39,D_46,44757.2
O_39,D_47,77521.2
O_39,D_48,72345.7
O_39,D_50,3260.1
O_39,D_51,53366.4
O_40,D_40,0.0
O_40,D_43,53619.4
O_40,D_44,46716.4
O_40,D_46,36911.7
O_40,D_47,38801.3
O_40,D_48,131147.9
O_40,D_50,67139.0
O_40,D_51,29265.0
O_41,D_41,49404.9
O_41,D_42,0.0
O_41,D_52,133873.6
O_42,D_40,53610.0
O_42,D_43,0.0
O_42,D_44,47101.6
O_42,D_46,27123.1
O_42,D_47,44443.1
O_42,D_48,113985.3
O_42,D_50,42095.3
O_42,D_51,77313.6
O_43,D_40,47072.4
O_43,D_43,57506.6
O_43,D_44,0.0
O_43,D_46,48629.2
O_43,D_47,15877.1
O_43,D_48,164751.1
O_43,D_50,92861.1
O_43,D_51,76145.1
O_44,D_40,36915.1
O_44,D_43,27243.8
O_44,D_44,48630.7
O_44,D_46,0.0
O_44,D_47,32764.0
O_44,D_48,116121.9
O_44,D_50,44231.9
O_44,D_51,50214.9
O_45,D_40,38798.0
O_45,D_43,44449.2
O_45,D_44,15879.1
O_45,D_46,32764.3
O_45,D_47,0.0
O_45,D_48,148886.2
O_45,D_50,76996.2
O_45,D_51,67891.3
O_46,D_40,129096.7
O_46,D_43,114375.6
O_46,D_44,161337.5
O_46,D_46,116520.0
O_46,D_47,149284.0
O_46,D_48,0.0
O_46,D_50,75335.8
O_46,D_51,109862.8
O_47,D_40,64277.9
O_47,D_43,41762.2
O_47,D_44,88724.1
O_47,D_46,43906.6
O_47,D_47,76670.6
O_47,D_48,74935.6
O_47,D_50,0.0
O_47,D_51,55374.1
O_48,D_40,29246.4
O_48,D_43,77430.7
O_48,D_44,75806.2
O_48,D_46,50194.1
O_48,D_47,67891.1
O_48,D_48,110219.8
O_48,D_50,56844.4
O_48,D_51,0.0
O_37,D_53,39590.1
O_37,D_54,125471.3
O_37,D_55,189325.9
O_37,D_56,161765.1
O_37,D_60,129131.2
O_37,D_61,160419.2
O_37,D_62,22230.1
O_37,D_63,121114.2
O_37,D_64,99234.1
O_37,D_65,127014.7
O_38,D_53,40833.9
O_38,D_54,119785.7
O_38,D_55,183640.3
O_38,D_56,156079.5
O_38,D_60,112156.5
O_38,D_61,154733.6
O_38,D_62,35635.5
O_38,D_63,115428.6
O_38,D_64,93548.5
O_38,D_65,121329.1
O_39,D_53,67122.0
O_39,D_54,25650.6
O_39,D_55,89192.3
O_39,D_56,61944.4
O_39,D_60,62109.6
O_39,D_61,60598.5
O_39,D_62,78679.5
O_39,D_63,36559.9
O_39,D_64,21496.9
O_39,D_65,42460.4
O_40,D_53,125924.2
O_40,D_54,54950.8
O_40,D_55,153133.0
O_40,D_56,23213.6
O_40,D_60,39970.4
O_40,D_61,57483.3
O_40,D_62,137481.7
O_40,D_63,61169.1
O_40,D_64,80233.3
O_40,D_65,67069.6
O_41,D_57,147524.7
O_41,D_58,137540.8
O_41,D_59,129910.1
O_42,D_53,108761.6
O_42,D_54,20836.8
O_42,D_55,129483.8
O_42,D_56,30397.8
O_42,D_60,88594.3
O_42,D_61,18125.4
O_42,D_62,120319.1
O_42,D_63,63036.9
O_42,D_64,63136.5
O_42,D_65,68937.4
O_43,D_53,159527.4
O_43,D_54,67806.7
O_43,D_55,180249.6
O_43,D_56,31450.7
O_43,D_60,84775.3
O_43,D_61,48631.3
O_43,D_62,169318.1
O_43,D_63,108049.2
O_43,D_64,113902.3
O_43,D_65,113949.7
O_44,D_53,110898.2
O_44,D_54,19177.5
O_44,D_55,131620.4
O_44,D_56,17187.2
O_44,D_60,62396.8
O_44,D_61,45229.5
O_44,D_62,122455.7
O_44,D_63,65173.5
O_44,D_64,65273.1
O_44,D_65,71074.0
O_45,D_53,143662.5
O_45,D_54,51941.8
O_45,D_55,164384.7
O_45,D_56,15585.8
O_45,D_60,78596.7
O_45,D_61,48313.1
O_45,D_62,155220.0
O_45,D_63,94833.1
O_45,D_64,98037.4
O_45,D_65,100733.6
O_46,D_53,18461.6
O_46,D_54,97413.4
O_46,D_55,161268.0
O_46,D_56,133707.2
O_46,D_60,118606.0
O_46,D_61,132361.3
O_46,D_62,6333.8
O_46,D_63,93056.3
O_46,D_64,71176.2
O_46,D_65,98956.8
O_47,D_53,69711.9
O_47,D_54,24800.0
O_47,D_55,88481.7
O_47,D_56,61093.8
O_47,D_60,64117.3
O_47,D_61,59747.9
O_47,D_62,81269.4
O_47,D_63,38567.6
O_47,D_64,24086.8
O_47,D_65,44468.1
O_48,D_53,104996.1
O_48,D_54,58989.6
O_48,D_55,142838.4
O_48,D_56,52303.4
O_48,D_60,14910.8
O_48,D_61,86573.1
O_48,D_62,116553.6
O_48,D_63,32201.8
O_48,D_64,54412.6
O_48,D_65,38102.3
O_37,D_66,63578.3
O_38,D_66,57892.7
O_39,D_66,47218.0
O_40,D_66,106020.2
O_42,D_66,88857.6
O_43,D_66,139623.4
O_44,D_66,90994.2
O_45,D_66,123758.5
O_46,D_66,35520.4
O_47,D_66,49807.9
O_48,D_66,85092.1
O_49,D_4,25884.1
O_49,D_8,28097.1
O_50,D_1,44436.2
O_50,D_2,27048.9
O_50,D_6,89790.4
O_50,D_7,128199.3
O_50,D_10,132065.1
O_50,D_11,69719.5
O_50,D_12,72043.6
O_50,D_13,140396.5
O_51,D_1,114251.7
O_51,D_2,67233.6
O_51,D_6,11397.1
O_51,D_7,40004.8
O_51,D_10,43961.1
O_51,D_11,59436.1
O_51,D_12,23250.9
O_51,D_13,97789.0
O_52,D_1,150570.4
O_52,D_2,103552.3
O_52,D_6,46237.4
O_52,D_7,34758.1
O_52,D_10,41344.2
O_52,D_11,95754.8
O_52,D_12,59569.6
O_52,D_13,65685.9
O_53,D_4,39862.7
O_53,D_8,42075.7
O_54,D_1,137427.0
O_54,D_2,90408.9
O_54,D_6,25752.0
O_54,D_7,24707.3
O_54,D_10,17068.7
O_54,D_11,82611.4
O_54,D_12,46426.2
O_54,D_13,82491.5
O_55,D_4,12195.5
O_55,D_8,20238.8
O_56,D_1,136196.9
O_56,D_2,89178.8
O_56,D_6,69183.9
O_56,D_7,97767.2
O_56,D_10,104353.3
O_56,D_11,81381.3
O_56,D_12,67060.2
O_56,D_13,52081.6
O_57,D_1,58547.1
O_57,D_2,38584.6
O_57,D_6,101326.1
O_57,D_7,139735.0
O_57,D_10,143600.8
O_57,D_11,81255.2
O_57,D_12,83579.3
O_57,D_13,134489.8
O_58,D_1,110697.0
O_58,D_2,63678.9
O_58,D_6,43675.5
O_58,D_7,82084.4
O_58,D_10,85950.2
O_58,D_11,55881.4
O_58,D_12,41560.3
O_58,D_13,81087.7
O_59,D_1,88305.2
O_59,D_2,41287.1
O_59,D_6,43987.3
O_59,D_7,82396.2
O_59,D_10,86262.0
O_59,D_11,19441.7
O_59,D_12,27531.8
O_59,D_13,102964.5
O_60,D_1,115137.1
O_60,D_2,80842.8
O_60,D_6,93087.1
O_60,D_7,131496.0
O_60,D_10,135361.8
O_60,D_11,47926.7
O_60,D_12,75340.3
O_60,D_13,108127.2
O_49,D_20,26750.0
O_50,D_16,92161.6
O_50,D_17,97896.7
O_50,D_18,99605.0
O_50,D_19,135330.5
O_50,D_21,120534.1
O_50,D_22,46522.5
O_50,D_23,68545.7
O_50,D_24,142288.3
O_50,D_25,123473.1
O_50,D_26,52517.1
O_51,D_16,123656.2
O_51,D_17,127730.0
O_51,D_18,28753.0
O_51,D_19,91753.4
O_51,D_21,37269.7
O_51,D_22,132026.8
O_51,D_23,25496.4
O_51,D_24,98711.2
O_51,D_25,93659.6
O_51,D_26,122332.6
O_52,D_16,100725.8
O_52,D_17,104799.6
O_52,D_18,38393.0
O_52,D_19,128072.1
O_52,D_21,46700.6
O_52,D_22,168345.5
O_52,D_23,61815.1
O_52,D_24,135029.9
O_52,D_25,129978.3
O_52,D_26,158651.3
O_53,D_20,40728.6
O_54,D_16,131007.0
O_54,D_17,135080.8
O_54,D_18,54206.5
O_54,D_19,114928.7
O_54,D_21,12431.1
O_54,D_22,155202.1
O_54,D_23,48671.7
O_54,D_24,121886.5
O_54,D_25,116834.9
O_54,D_26,145507.9
O_55,D_20,18891.7
O_56,D_16,55042.5
O_56,D_17,59116.3
O_56,D_18,43566.6
O_56,D_19,130818.7
O_56,D_21,103831.6
O_56,D_22,130688.8
O_56,D_23,64033.9
O_56,D_24,137776.5
O_56,D_25,76851.3
O_56,D_26,144277.8
O_57,D_16,86254.9
O_57,D_17,91990.0
O_57,D_18,111140.7
O_57,D_19,146866.2
O_57,D_21,132069.8
O_57,D_22,29224.3
O_57,D_23,80081.4
O_57,D_24,153824.0
O_57,D_25,117952.3
O_57,D_26,66628.0
O_58,D_16,77974.3
O_58,D_17,82048.1
O_58,D_18,42664.7
O_58,D_19,105318.8
O_58,D_21,78323.2
O_58,D_22,128472.1
O_58,D_23,38534.0
O_58,D_24,112276.6
O_58,D_25,46129.9
O_58,D_26,118777.9
O_59,D_16,103481.1
O_59,D_17,109216.2
O_59,D_18,53307.8
O_59,D_19,90818.7
O_59,D_21,76022.3
O_59,D_22,106080.3
O_59,D_23,24033.9
O_59,D_24,97776.5
O_59,D_25,53912.5
O_59,D_26,96386.1
O_60,D_16,59892.3
O_60,D_17,65627.4
O_60,D_18,102901.7
O_60,D_19,138627.2
O_60,D_21,123830.8
O_60,D_22,84730.0
O_60,D_23,71842.4
O_60,D_24,145585.0
O_60,D_25,43693.9
O_60,D_26,123218.0
O_49,D_28,18480.6
O_49,D_31,180049.8
O_50,D_27,31161.3
O_50,D_29,7743.8
O_50,D_30,39407.3
O_50,D_32,11583.0
O_50,D_33,24257.9
O_50,D_34,31748.6
O_50,D_35,36758.3
O_50,D_36,39611.2
O_50,D_37,40311.7
O_50,D_38,17881.9
O_50,D_39,67993.4
O_51,D_27,98401.6
O_51,D_29,86245.0
O_51,D_30,55836.6
O_51,D_32,80911.3
O_51,D_33,97859.2
O_51,D_34,110670.6
O_51,D_35,115680.3
O_51,D_36,125115.5
O_51,D_37,119233.7
O_51,D_38,78081.5
O_51,D_39,26120.8
O_52,D_27,134720.3
O_52,D_29,122563.7
O_52,D_30,92155.3
O_52,D_32,117230.0
O_52,D_33,134177.9
O_52,D_34,146989.3
O_52,D_35,151999.0
O_52,D_36,161434.2
O_52,D_37,155552.4
O_52,D_38,114400.2
O_52,D_39,62439.5
O_53,D_28,5356.3
O_53,D_31,194028.4
O_54,D_27,121576.9
O_54,D_29,109420.3
O_54,D_30,79011.9
O_54,D_32,104086.6
O_54,D_33,121034.5
O_54,D_34,133845.9
O_54,D_35,138855.6
O_54,D_36,148290.8
O_54,D_37,142409.0
O_54,D_38,101256.8
O_54,D_39,49296.1
O_55,D_28,42837.6
O_55,D_31,172191.5
O_56,D_27,120346.8
O_56,D_29,108190.2
O_56,D_30,77781.8
O_56,D_32,102856.5
O_56,D_33,119804.4
O_56,D_34,133636.0
O_56,D_35,111328.0
O_56,D_36,131512.4
O_56,D_37,114574.6
O_56,D_38,100026.7
O_56,D_39,63481.6
O_57,D_27,42697.0
O_57,D_29,17161.1
O_57,D_30,50943.0
O_57,D_32,23118.7
O_57,D_33,35793.6
O_57,D_34,42166.7
O_57,D_35,32570.7
O_57,D_36,22313.0
O_57,D_37,35617.4
O_57,D_38,29417.6
O_57,D_39,79529.1
O_58,D_27,94846.9
O_58,D_29,82690.3
O_58,D_30,52281.9
O_58,D_32,77356.6
O_58,D_33,94304.5
O_58,D_34,107115.9
O_58,D_35,112125.6
O_58,D_36,121560.8
O_58,D_37,115679.0
O_58,D_38,74526.8
O_58,D_39,37981.7
O_59,D_27,72455.1
O_59,D_29,60298.5
O_59,D_30,29890.1
O_59,D_32,54964.8
O_59,D_33,71912.7
O_59,D_34,84724.1
O_59,D_35,89733.8
O_59,D_36,99169.0
O_59,D_37,93287.2
O_59,D_38,52135.0
O_59,D_39,23481.6
O_60,D_27,99287.0
O_60,D_29,83394.6
O_60,D_30,69445.8
O_60,D_32,79611.9
O_60,D_33,95575.5
O_60,D_34,76172.6
O_60,D_35,65369.2
O_60,D_36,85553.6
O_60,D_37,68615.8
O_60,D_38,86007.6
O_60,D_39,71290.1
O_49,D_41,116141.5
O_49,D_42,150488.3
O_49,D_52,0.0
O_50,D_40,123890.5
O_50,D_43,109169.4
O_50,D_44,156131.3
O_50,D_46,111313.8
O_50,D_47,144077.8
O_50,D_48,18485.0
O_50,D_50,70129.6
O_50,D_51,104656.6
O_51,D_40,53038.5
O_51,D_43,20974.9
O_51,D_44,67936.8
O_51,D_46,19194.2
O_51,D_47,51958.2
O_51,D_48,96986.2
O_51,D_50,25096.2
O_51,D_51,58834.4
O_52,D_40,23212.2
O_52,D_43,30405.8
O_52,D_44,31454.4
O_52,D_46,17183.0
O_52,D_47,15587.7
O_52,D_48,133304.9
O_52,D_50,61414.9
O_52,D_51,52305.5
O_53,D_41,130120.1
O_53,D_42,164466.9
O_53,D_52,14767.3
O_54,D_40,59874.7
O_54,D_43,6534.5
O_54,D_44,52639.3
O_54,D_46,33387.8
O_54,D_47,50707.8
O_54,D_48,120161.5
O_54,D_50,48271.5
O_54,D_51,83578.3
O_55,D_41,108283.2
O_55,D_42,142630.0
O_55,D_52,27478.4
O_56,D_40,39952.1
O_56,D_43,88562.9
O_56,D_44,84790.2
O_56,D_46,62360.8
O_56,D_47,78596.8
O_56,D_48,118931.4
O_56,D_50,65556.0
O_56,D_51,14914.1
O_57,D_40,135426.2
O_57,D_43,120705.1
O_57,D_44,167667.0
O_57,D_46,122849.5
O_57,D_47,155613.5
O_57,D_48,6329.5
O_57,D_50,81665.3
O_57,D_51,116192.3
O_58,D_40,54223.7
O_58,D_43,63054.5
O_58,D_44,100163.8
O_58,D_46,65198.9
O_58,D_47,92248.7
O_58,D_48,93431.5
O_58,D_50,40056.1
O_58,D_51,32211.9
O_59,D_40,77593.3
O_59,D_43,63366.3
O_59,D_44,110328.2
O_59,D_46,65510.7
O_59,D_47,98274.7
O_59,D_48,71039.7
O_59,D_50,25617.8
O_59,D_51,54088.7
O_60,D_40,127187.2
O_60,D_43,112466.1
O_60,D_44,140835.8
O_60,D_46,114610.5
O_60,D_47,147374.5
O_60,D_48,94135.8
O_60,D_50,73426.3
O_60,D_51,107953.3
O_49,D_57,14525.0
O_49,D_58,4541.1
O_49,D_59,27629.5
O_50,D_53,0.0
O_50,D_54,92207.2
O_50,D_55,156061.8
O_50,D_56,128501.0
O_50,D_60,113399.8
O_50,D_61,127155.1
O_50,D_62,17523.6
O_50,D_63,87850.1
O_50,D_64,65970.0
O_50,D_65,93750.6
O_51,D_53,91762.5
O_51,D_54,0.0
O_51,D_55,112484.7
O_51,D_56,36381.4
O_51,D_60,71016.3
O_51,D_61,38960.6
O_51,D_62,103320.0
O_51,D_63,46037.8
O_51,D_64,46137.4
O_51,D_65,51938.3
O_52,D_53,128081.2
O_52,D_54,36360.5
O_52,D_55,148803.4
O_52,D_56,0.0
O_52,D_60,63010.9
O_52,D_61,34269.7
O_52,D_62,139638.7
O_52,D_63,79247.3
O_52,D_64,82456.1
O_52,D_65,85147.8
O_53,D_57,0.0
O_53,D_58,11565.9
O_53,D_59,39209.5
O_54,D_53,114937.8
O_54,D_54,27101.5
O_54,D_55,135660.0
O_54,D_56,36662.5
O_54,D_60,94770.5
O_54,D_61,24396.5
O_54,D_62,126495.3
O_54,D_63,69213.1
O_54,D_64,69312.7
O_54,D_65,75113.6
O_55,D_57,38882.0
O_55,D_58,28898.1
O_55,D_59,0.0
O_56,D_53,113707.7
O_56,D_54,71156.3
O_56,D_55,151550.0
O_56,D_56,63009.1
O_56,D_60,0.0
O_56,D_61,97278.8
O_56,D_62,125265.2
O_56,D_63,31077.3
O_56,D_64,63124.2
O_56,D_65,36977.8
O_57,D_53,17583.0
O_57,D_54,103742.9
O_57,D_55,167597.5
O_57,D_56,140036.7
O_57,D_60,124935.5
O_57,D_61,138690.8
O_57,D_62,0.0
O_57,D_63,99385.8
O_57,D_64,77505.7
O_57,D_65,105286.3
O_58,D_53,88207.8
O_58,D_54,46092.3
O_58,D_55,126050.1
O_58,D_56,76661.0
O_58,D_60,31192.0
O_58,D_61,81040.2
O_58,D_62,99765.3
O_58,D_63,0.0
O_58,D_64,37624.3
O_58,D_65,6256.4
O_59,D_53,65816.0
O_59,D_54,46404.1
O_59,D_55,111550.0
O_59,D_56,82697.9
O_59,D_60,62831.9
O_59,D_61,81352.0
O_59,D_62,77373.5
O_59,D_63,37282.2
O_59,D_64,0.0
O_59,D_65,43182.7
O_60,D_53,88912.1
O_60,D_54,95503.9
O_60,D_55,159358.5
O_60,D_56,131797.7
O_60,D_60,112947.7
O_60,D_61,130451.8
O_60,D_62,95654.8
O_60,D_63,91146.8
O_60,D_64,54267.9
O_60,D_65,82926.7
O_50,D_66,30314.2
O_51,D_66,71858.5
O_52,D_66,108177.2
O_54,D_66,95033.8
O_56,D_66,93803.7
O_57,D_66,41849.9
O_58,D_66,68303.8
O_59,D_66,45912.0
O_60,D_66,85467.7
O_61,D_1,116551.0
O_61,D_2,69532.9
O_61,D_6,49529.5
O_61,D_7,87938.4
O_61,D_10,91804.2
O_61,D_11,61735.4
O_61,D_12,47414.3
O_61,D_13,83215.0
O_62,D_1,52667.4
O_62,D_2,6119.2
O_62,D_6,69625.9
O_62,D_7,108034.8
O_62,D_10,111900.6
O_62,D_11,49555.0
O_62,D_12,51879.1
O_62,D_13,133367.9
O_63,D_9,32446.4
O_61,D_16,74797.5
O_61,D_17,78871.3
O_61,D_18,48518.7
O_61,D_19,111172.8
O_61,D_21,84177.2
O_61,D_22,134326.1
O_61,D_23,44388.0
O_61,D_24,118130.6
O_61,D_25,40770.6
O_61,D_26,124631.9
O_62,D_16,109499.3
O_62,D_17,115234.4
O_62,D_18,79440.5
O_62,D_19,115166.0
O_62,D_21,100369.6
O_62,D_22,70442.5
O_62,D_23,48381.2
O_62,D_24,122123.8
O_62,D_25,103308.6
O_62,D_26,54333.0
O_63,D_14,42621.3
O_63,D_15,40043.2
O_61,D_27,100700.9
O_61,D_29,88544.3
O_61,D_30,58135.9
O_61,D_32,83210.6
O_61,D_33,100158.5
O_61,D_34,112969.9
O_61,D_35,117979.6
O_61,D_36,127414.8
O_61,D_37,121533.0
O_61,D_38,80380.8
O_61,D_39,43835.7
O_62,D_27,36817.3
O_62,D_29,24660.7
O_62,D_30,19242.8
O_62,D_32,19327.0
O_62,D_33,36274.9
O_62,D_34,49086.3
O_62,D_35,54096.0
O_62,D_36,63531.2
O_62,D_37,57649.4
O_62,D_38,16497.2
O_62,D_39,47828.9
O_61,D_40,60077.7
O_61,D_43,68908.5
O_61,D_44,106017.8
O_61,D_46,71052.9
O_61,D_47,98102.7
O_61,D_48,99285.5
O_61,D_50,45910.1
O_61,D_51,38065.9
O_62,D_40,103726.0
O_62,D_43,89004.9
O_62,D_44,135966.8
O_62,D_46,91149.3
O_62,D_47,123913.3
O_62,D_48,35401.9
O_62,D_50,49965.1
O_62,D_51,84492.1
O_61,D_53,94061.8
O_61,D_54,51946.3
O_61,D_55,131904.1
O_61,D_56,82515.0
O_61,D_60,37185.8
O_61,D_61,86894.2
O_61,D_62,105619.3
O_61,D_63,6220.2
O_61,D_64,43478.3
O_61,D_65,0.0
O_62,D_53,30178.2
O_62,D_54,72042.7
O_62,D_55,135897.3
O_62,D_56,108336.5
O_62,D_60,93235.3
O_62,D_61,106990.6
O_62,D_62,41735.7
O_62,D_63,67685.6
O_62,D_64,45805.5
O_62,D_65,73586.1
O_61,D_66,74157.8
O_62,D_66,0.0
O_63,D_67,0.0
